date,article_count,sentiment_sum,sentiment_mean,sentiment_sum_lag1,sentiment_mean_lag1
2017-01-01,4,0,0.0,,
2017-01-02,29,1,0.034482758620689655,0.0,0.0
2017-01-03,65,0,0.0,1.0,0.034482758620689655
2017-01-04,67,-3,-0.04477611940298507,0.0,0.0
2017-01-05,45,-3,-0.06666666666666667,-3.0,-0.04477611940298507
2017-01-06,23,1,0.043478260869565216,-3.0,-0.06666666666666667
2017-01-07,16,2,0.125,1.0,0.043478260869565216
2017-01-08,7,0,0.0,2.0,0.125
2017-01-09,7,2,0.2857142857142857,0.0,0.0
2017-01-10,18,-2,-0.1111111111111111,2.0,0.2857142857142857
2017-01-11,61,4,0.06557377049180328,-2.0,-0.1111111111111111
2017-01-12,54,27,0.5,4.0,0.06557377049180328
2017-01-13,47,-1,-0.02127659574468085,27.0,0.5
2017-01-14,56,4,0.07142857142857142,-1.0,-0.02127659574468085
2017-01-15,20,4,0.2,4.0,0.07142857142857142
2017-01-16,62,12,0.1935483870967742,4.0,0.2
2017-01-17,45,3,0.06666666666666667,12.0,0.1935483870967742
2017-01-18,25,3,0.12,3.0,0.06666666666666667
2017-01-19,78,38,0.48717948717948717,3.0,0.12
2017-01-20,14,4,0.2857142857142857,38.0,0.48717948717948717
2017-01-21,7,0,0.0,4.0,0.2857142857142857
2017-02-19,32,-1,-0.03125,0.0,0.0
2017-02-20,90,3,0.03333333333333333,-1.0,-0.03125
2017-02-21,16,0,0.0,3.0,0.03333333333333333
2017-02-22,28,-1,-0.03571428571428571,0.0,0.0
2017-02-23,27,-1,-0.037037037037037035,-1.0,-0.03571428571428571
2017-02-24,45,7,0.15555555555555556,-1.0,-0.037037037037037035
2017-02-25,12,1,0.08333333333333333,7.0,0.15555555555555556
2017-02-26,1,1,1.0,1.0,0.08333333333333333
2017-02-27,37,-5,-0.13513513513513514,1.0,1.0
2017-02-28,117,-36,-0.3076923076923077,-5.0,-0.13513513513513514
2017-03-01,18,0,0.0,-36.0,-0.3076923076923077
2017-03-02,9,0,0.0,0.0,0.0
2017-03-03,41,1,0.024390243902439025,0.0,0.0
2017-03-04,27,0,0.0,1.0,0.024390243902439025
2017-03-05,12,0,0.0,0.0,0.0
2017-03-06,21,5,0.23809523809523808,0.0,0.0
2017-03-07,104,4,0.038461538461538464,5.0,0.23809523809523808
2017-03-08,23,1,0.043478260869565216,4.0,0.038461538461538464
2017-03-09,39,20,0.5128205128205128,1.0,0.043478260869565216
2017-03-10,42,23,0.5476190476190477,20.0,0.5128205128205128
2017-03-11,9,3,0.3333333333333333,23.0,0.5476190476190477
2017-03-26,6,0,0.0,3.0,0.3333333333333333
2017-03-27,1,0,0.0,0.0,0.0
2017-03-28,158,11,0.06962025316455696,0.0,0.0
2017-03-29,17,2,0.11764705882352941,11.0,0.06962025316455696
2017-03-30,47,0,0.0,2.0,0.11764705882352941
2017-03-31,5,0,0.0,0.0,0.0
2017-04-01,16,2,0.125,0.0,0.0
2017-04-02,9,-1,-0.1111111111111111,2.0,0.125
2017-04-03,17,-1,-0.058823529411764705,-1.0,-0.1111111111111111
2017-04-04,22,8,0.36363636363636365,-1.0,-0.058823529411764705
2017-04-05,41,23,0.5609756097560976,8.0,0.36363636363636365
2017-04-06,68,5,0.07352941176470588,23.0,0.5609756097560976
2017-04-07,68,5,0.07352941176470588,5.0,0.07352941176470588
2017-04-08,25,3,0.12,5.0,0.07352941176470588
2017-04-09,15,0,0.0,3.0,0.12
2017-04-10,44,-1,-0.022727272727272728,0.0,0.0
2017-04-11,23,-1,-0.043478260869565216,-1.0,-0.022727272727272728
2017-04-12,19,2,0.10526315789473684,-1.0,-0.043478260869565216
2017-04-13,107,32,0.29906542056074764,2.0,0.10526315789473684
2017-04-14,24,2,0.08333333333333333,32.0,0.29906542056074764
2017-04-15,18,-1,-0.05555555555555555,2.0,0.08333333333333333
2017-04-16,2,1,0.5,-1.0,-0.05555555555555555
2017-04-19,39,6,0.15384615384615385,1.0,0.5
2017-04-20,43,5,0.11627906976744186,6.0,0.15384615384615385
2017-04-21,110,17,0.15454545454545454,5.0,0.11627906976744186
2017-04-22,56,17,0.30357142857142855,17.0,0.15454545454545454
2017-04-23,43,-1,-0.023255813953488372,17.0,0.30357142857142855
2017-04-24,57,10,0.17543859649122806,-1.0,-0.023255813953488372
2017-04-25,25,1,0.04,10.0,0.17543859649122806
2017-04-26,27,2,0.07407407407407407,1.0,0.04
2017-04-27,16,1,0.0625,2.0,0.07407407407407407
2017-04-28,41,2,0.04878048780487805,1.0,0.0625
2017-04-29,39,2,0.05128205128205128,2.0,0.04878048780487805
2017-04-30,2,0,0.0,2.0,0.05128205128205128
2017-05-14,10,1,0.1,0.0,0.0
2017-05-15,30,3,0.1,1.0,0.1
2017-05-16,26,0,0.0,3.0,0.1
2017-05-17,32,5,0.15625,0.0,0.0
2017-05-18,52,16,0.3076923076923077,5.0,0.15625
2017-05-19,88,39,0.4431818181818182,16.0,0.3076923076923077
2017-05-20,12,1,0.08333333333333333,39.0,0.4431818181818182
2017-05-21,11,0,0.0,1.0,0.08333333333333333
2017-05-22,36,2,0.05555555555555555,0.0,0.0
2017-05-23,19,1,0.05263157894736842,2.0,0.05555555555555555
2017-05-24,58,-17,-0.29310344827586204,1.0,0.05263157894736842
2017-05-25,44,-7,-0.1590909090909091,-17.0,-0.29310344827586204
2017-05-26,54,-6,-0.1111111111111111,-7.0,-0.1590909090909091
2017-05-27,27,-4,-0.14814814814814814,-6.0,-0.1111111111111111
2017-05-28,4,-1,-0.25,-4.0,-0.14814814814814814
2017-05-29,20,-1,-0.05,-1.0,-0.25
2017-05-30,10,-3,-0.3,-1.0,-0.05
2017-05-31,12,-1,-0.08333333333333333,-3.0,-0.3
2017-06-01,89,9,0.10112359550561797,-1.0,-0.08333333333333333
2017-06-02,82,8,0.0975609756097561,9.0,0.10112359550561797
2017-06-03,34,0,0.0,8.0,0.0975609756097561
2017-06-04,111,35,0.3153153153153153,0.0,0.0
2017-06-05,39,10,0.2564102564102564,35.0,0.3153153153153153
2017-06-06,76,6,0.07894736842105263,10.0,0.2564102564102564
2017-06-07,3,1,0.3333333333333333,6.0,0.07894736842105263
2017-06-08,2,0,0.0,1.0,0.3333333333333333
2017-06-09,12,2,0.16666666666666666,0.0,0.0
2017-06-10,7,0,0.0,2.0,0.16666666666666666
2017-06-11,6,0,0.0,0.0,0.0
2017-06-12,11,0,0.0,0.0,0.0
2017-06-13,10,1,0.1,0.0,0.0
2017-06-14,22,1,0.045454545454545456,1.0,0.1
2017-06-15,131,47,0.35877862595419846,1.0,0.045454545454545456
2017-06-16,60,8,0.13333333333333333,47.0,0.35877862595419846
2017-06-17,10,0,0.0,8.0,0.13333333333333333
2017-07-02,71,-21,-0.29577464788732394,0.0,0.0
2017-07-03,74,-35,-0.47297297297297297,-21.0,-0.29577464788732394
2017-07-04,70,6,0.08571428571428572,-35.0,-0.47297297297297297
2017-07-05,9,0,0.0,6.0,0.08571428571428572
2017-07-06,16,5,0.3125,0.0,0.0
2017-07-07,6,3,0.5,5.0,0.3125
2017-07-08,4,0,0.0,3.0,0.5
2017-07-09,12,0,0.0,0.0,0.0
2017-07-10,24,0,0.0,0.0,0.0
2017-07-11,78,1,0.01282051282051282,0.0,0.0
2017-07-12,80,-8,-0.1,1.0,0.01282051282051282
2017-07-13,30,0,0.0,-8.0,-0.1
2017-07-14,19,3,0.15789473684210525,0.0,0.0
2017-07-15,7,0,0.0,3.0,0.15789473684210525
2017-07-16,1,0,0.0,0.0,0.0
2017-07-17,3,0,0.0,0.0,0.0
2017-07-18,4,1,0.25,0.0,0.0
2017-07-19,18,0,0.0,1.0,0.25
2017-07-20,115,74,0.6434782608695652,0.0,0.0
2017-07-21,46,37,0.8043478260869565,74.0,0.6434782608695652
2017-07-22,63,23,0.36507936507936506,37.0,0.8043478260869565
2017-07-30,20,8,0.4,23.0,0.36507936507936506
2017-07-31,73,23,0.3150684931506849,8.0,0.4
2017-08-01,82,12,0.14634146341463414,23.0,0.3150684931506849
2017-08-02,33,8,0.24242424242424243,12.0,0.14634146341463414
2017-08-03,27,3,0.1111111111111111,8.0,0.24242424242424243
2017-08-04,14,1,0.07142857142857142,3.0,0.1111111111111111
2017-08-05,1,0,0.0,1.0,0.07142857142857142
2017-08-06,13,0,0.0,0.0,0.0
2017-08-07,30,3,0.1,0.0,0.0
2017-08-08,55,7,0.12727272727272726,3.0,0.1
2017-08-09,38,15,0.39473684210526316,7.0,0.12727272727272726
2017-08-10,53,9,0.16981132075471697,15.0,0.39473684210526316
2017-08-11,45,12,0.26666666666666666,9.0,0.16981132075471697
2017-08-12,16,3,0.1875,12.0,0.26666666666666666
2017-08-13,54,1,0.018518518518518517,3.0,0.1875
2017-08-14,64,9,0.140625,1.0,0.018518518518518517
2017-08-15,67,27,0.40298507462686567,9.0,0.140625
2017-08-16,26,6,0.23076923076923078,27.0,0.40298507462686567
2017-08-17,12,2,0.16666666666666666,6.0,0.23076923076923078
2017-08-18,12,1,0.08333333333333333,2.0,0.16666666666666666
2017-08-19,15,0,0.0,1.0,0.08333333333333333
2017-10-22,15,3,0.2,0.0,0.0
2017-10-23,14,3,0.21428571428571427,3.0,0.2
2017-10-24,30,3,0.1,3.0,0.21428571428571427
2017-10-25,47,13,0.2765957446808511,3.0,0.1
2017-10-26,47,4,0.0851063829787234,13.0,0.2765957446808511
2017-10-27,42,2,0.047619047619047616,4.0,0.0851063829787234
2017-10-28,55,-2,-0.03636363636363636,2.0,0.047619047619047616
2017-10-29,3,0,0.0,-2.0,-0.03636363636363636
2017-10-30,19,1,0.05263157894736842,0.0,0.0
2017-10-31,25,-2,-0.08,1.0,0.05263157894736842
2017-11-01,104,7,0.0673076923076923,-2.0,-0.08
2017-11-02,46,2,0.043478260869565216,7.0,0.0673076923076923
2017-11-03,46,0,0.0,2.0,0.043478260869565216
2017-11-04,7,0,0.0,0.0,0.0
2017-11-05,9,1,0.1111111111111111,0.0,0.0
2017-11-06,25,2,0.08,1.0,0.1111111111111111
2017-11-07,62,28,0.45161290322580644,2.0,0.08
2017-11-08,33,4,0.12121212121212122,28.0,0.45161290322580644
2017-11-09,65,40,0.6153846153846154,4.0,0.12121212121212122
2017-11-10,47,28,0.5957446808510638,40.0,0.6153846153846154
2017-11-11,9,6,0.6666666666666666,28.0,0.5957446808510638
2017-12-10,31,7,0.22580645161290322,6.0,0.6666666666666666
2017-12-11,22,1,0.045454545454545456,7.0,0.22580645161290322
2017-12-12,26,2,0.07692307692307693,1.0,0.045454545454545456
2017-12-13,20,5,0.25,2.0,0.07692307692307693
2017-12-14,67,1,0.014925373134328358,5.0,0.25
2017-12-15,80,4,0.05,1.0,0.014925373134328358
2017-12-16,4,0,0.0,4.0,0.05
2017-12-17,1,0,0.0,0.0,0.0
2017-12-19,4,4,1.0,0.0,0.0
2017-12-20,20,5,0.25,4.0,1.0
2017-12-21,31,13,0.41935483870967744,5.0,0.25
2017-12-22,114,62,0.543859649122807,13.0,0.41935483870967744
2017-12-23,80,5,0.0625,62.0,0.543859649122807
2017-12-31,108,30,0.2777777777777778,5.0,0.0625
2018-01-01,23,8,0.34782608695652173,30.0,0.2777777777777778
2018-01-02,15,1,0.06666666666666667,8.0,0.34782608695652173
2018-01-03,24,1,0.041666666666666664,1.0,0.06666666666666667
2018-01-04,15,2,0.13333333333333333,1.0,0.041666666666666664
2018-01-05,51,21,0.4117647058823529,2.0,0.13333333333333333
2018-01-06,14,2,0.14285714285714285,21.0,0.4117647058823529
2018-01-07,11,3,0.2727272727272727,2.0,0.14285714285714285
2018-01-08,51,1,0.0196078431372549,3.0,0.2727272727272727
2018-01-09,63,2,0.031746031746031744,1.0,0.0196078431372549
2018-01-10,18,3,0.16666666666666666,2.0,0.031746031746031744
2018-01-11,29,-3,-0.10344827586206896,3.0,0.16666666666666666
2018-01-12,46,-3,-0.06521739130434782,-3.0,-0.10344827586206896
2018-01-13,32,0,0.0,-3.0,-0.06521739130434782
2018-01-14,6,1,0.16666666666666666,0.0,0.0
2018-01-15,30,13,0.43333333333333335,1.0,0.16666666666666666
2018-01-16,33,3,0.09090909090909091,13.0,0.43333333333333335
2018-01-17,57,11,0.19298245614035087,3.0,0.09090909090909091
2018-01-18,56,12,0.21428571428571427,11.0,0.19298245614035087
2018-01-19,37,4,0.10810810810810811,12.0,0.21428571428571427
2018-01-20,31,2,0.06451612903225806,4.0,0.10810810810810811
2018-01-28,8,2,0.25,2.0,0.06451612903225806
2018-01-29,19,1,0.05263157894736842,2.0,0.25
2018-01-30,33,2,0.06060606060606061,1.0,0.05263157894736842
2018-01-31,41,24,0.5853658536585366,2.0,0.06060606060606061
2018-02-01,17,9,0.5294117647058824,24.0,0.5853658536585366
2018-02-02,11,2,0.18181818181818182,9.0,0.5294117647058824
2018-02-03,119,62,0.5210084033613446,2.0,0.18181818181818182
2018-02-04,2,1,0.5,62.0,0.5210084033613446
2018-02-11,13,2,0.15384615384615385,1.0,0.5
2018-02-12,22,-3,-0.13636363636363635,2.0,0.15384615384615385
2018-02-13,34,3,0.08823529411764706,-3.0,-0.13636363636363635
2018-02-14,27,8,0.2962962962962963,3.0,0.08823529411764706
2018-02-15,65,17,0.26153846153846155,8.0,0.2962962962962963
2018-02-16,47,5,0.10638297872340426,17.0,0.26153846153846155
2018-02-17,42,-13,-0.30952380952380953,5.0,0.10638297872340426
2018-02-19,5,2,0.4,-13.0,-0.30952380952380953
2018-02-20,26,10,0.38461538461538464,2.0,0.4
2018-02-21,11,1,0.09090909090909091,10.0,0.38461538461538464
2018-02-22,18,1,0.05555555555555555,1.0,0.09090909090909091
2018-02-23,137,102,0.7445255474452555,1.0,0.05555555555555555
2018-02-24,49,24,0.4897959183673469,102.0,0.7445255474452555
2018-02-25,11,0,0.0,24.0,0.4897959183673469
2018-02-26,35,1,0.02857142857142857,0.0,0.0
2018-02-27,21,2,0.09523809523809523,1.0,0.02857142857142857
2018-02-28,7,4,0.5714285714285714,2.0,0.09523809523809523
2018-03-01,158,78,0.4936708860759494,4.0,0.5714285714285714
2018-03-02,19,11,0.5789473684210527,78.0,0.4936708860759494
2018-03-03,3,2,0.6666666666666666,11.0,0.5789473684210527
2018-03-04,9,1,0.1111111111111111,2.0,0.6666666666666666
2018-03-05,54,4,0.07407407407407407,1.0,0.1111111111111111
2018-03-06,93,1,0.010752688172043012,4.0,0.07407407407407407
2018-03-07,29,-2,-0.06896551724137931,1.0,0.010752688172043012
2018-03-08,23,3,0.13043478260869565,-2.0,-0.06896551724137931
2018-03-09,19,10,0.5263157894736842,3.0,0.13043478260869565
2018-03-10,23,4,0.17391304347826086,10.0,0.5263157894736842
2018-04-15,30,9,0.3,4.0,0.17391304347826086
2018-04-16,49,11,0.22448979591836735,9.0,0.3
2018-04-17,38,3,0.07894736842105263,11.0,0.22448979591836735
2018-04-18,28,2,0.07142857142857142,3.0,0.07894736842105263
2018-04-19,53,7,0.1320754716981132,2.0,0.07142857142857142
2018-04-20,39,4,0.10256410256410256,7.0,0.1320754716981132
2018-04-21,13,3,0.23076923076923078,4.0,0.10256410256410256
2018-04-22,6,2,0.3333333333333333,3.0,0.23076923076923078
2018-04-23,44,29,0.6590909090909091,2.0,0.3333333333333333
2018-04-24,63,25,0.3968253968253968,29.0,0.6590909090909091
2018-04-25,11,0,0.0,25.0,0.3968253968253968
2018-04-26,90,53,0.5888888888888889,0.0,0.0
2018-04-27,21,5,0.23809523809523808,53.0,0.5888888888888889
2018-04-28,15,1,0.06666666666666667,5.0,0.23809523809523808
2018-05-06,1,0,0.0,1.0,0.06666666666666667
2018-05-07,36,4,0.1111111111111111,0.0,0.0
2018-05-08,17,0,0.0,4.0,0.1111111111111111
2018-05-09,80,1,0.0125,0.0,0.0
2018-05-10,81,15,0.18518518518518517,1.0,0.0125
2018-05-11,25,-2,-0.08,15.0,0.18518518518518517
2018-05-12,9,0,0.0,-2.0,-0.08
2018-05-13,13,2,0.15384615384615385,0.0,0.0
2018-05-14,109,47,0.43119266055045874,2.0,0.15384615384615385
2018-05-15,39,0,0.0,47.0,0.43119266055045874
2018-05-16,22,3,0.13636363636363635,0.0,0.0
2018-05-17,25,1,0.04,3.0,0.13636363636363635
2018-05-18,30,4,0.13333333333333333,1.0,0.04
2018-05-19,13,0,0.0,4.0,0.13333333333333333
2018-05-27,17,2,0.11764705882352941,0.0,0.0
2018-05-28,17,11,0.6470588235294118,2.0,0.11764705882352941
2018-05-29,62,22,0.3548387096774194,11.0,0.6470588235294118
2018-05-30,68,25,0.36764705882352944,22.0,0.3548387096774194
2018-05-31,38,9,0.23684210526315788,25.0,0.36764705882352944
2018-06-01,20,21,1.05,9.0,0.23684210526315788
2018-06-02,28,23,0.8214285714285714,21.0,1.05
2018-06-17,12,1,0.08333333333333333,23.0,0.8214285714285714
2018-06-18,15,5,0.3333333333333333,1.0,0.08333333333333333
2018-06-19,17,1,0.058823529411764705,5.0,0.3333333333333333
2018-06-20,48,2,0.041666666666666664,1.0,0.058823529411764705
2018-06-21,43,24,0.5581395348837209,2.0,0.041666666666666664
2018-06-22,84,19,0.2261904761904762,24.0,0.5581395348837209
2018-06-23,31,8,0.25806451612903225,19.0,0.2261904761904762
2018-07-08,6,2,0.3333333333333333,8.0,0.25806451612903225
2018-07-09,10,3,0.3,2.0,0.3333333333333333
2018-07-10,32,5,0.15625,3.0,0.3
2018-07-11,62,38,0.6129032258064516,5.0,0.15625
2018-07-12,94,23,0.24468085106382978,38.0,0.6129032258064516
2018-07-13,36,0,0.0,23.0,0.24468085106382978
2018-07-14,10,0,0.0,0.0,0.0
2018-07-29,3,1,0.3333333333333333,0.0,0.0
2018-07-30,44,17,0.38636363636363635,1.0,0.3333333333333333
2018-07-31,51,6,0.11764705882352941,17.0,0.38636363636363635
2018-08-01,25,8,0.32,6.0,0.11764705882352941
2018-08-02,12,1,0.08333333333333333,8.0,0.32
2018-08-03,68,12,0.17647058823529413,1.0,0.08333333333333333
2018-08-04,46,2,0.043478260869565216,12.0,0.17647058823529413
2018-08-05,2,0,0.0,2.0,0.043478260869565216
2018-08-06,33,3,0.09090909090909091,0.0,0.0
2018-08-07,92,21,0.22826086956521738,3.0,0.09090909090909091
2018-08-08,47,3,0.06382978723404255,21.0,0.22826086956521738
2018-08-09,17,1,0.058823529411764705,3.0,0.06382978723404255
2018-08-10,48,6,0.125,1.0,0.058823529411764705
2018-08-11,12,0,0.0,6.0,0.125
2018-08-26,13,0,0.0,0.0,0.0
2018-08-27,58,31,0.5344827586206896,0.0,0.0
2018-08-28,48,21,0.4375,31.0,0.5344827586206896
2018-08-29,42,10,0.23809523809523808,21.0,0.4375
2018-08-30,33,6,0.18181818181818182,10.0,0.23809523809523808
2018-08-31,44,13,0.29545454545454547,6.0,0.18181818181818182
2018-09-01,12,-1,-0.08333333333333333,13.0,0.29545454545454547
2018-09-16,7,1,0.14285714285714285,-1.0,-0.08333333333333333
2018-09-17,29,10,0.3448275862068966,1.0,0.14285714285714285
2018-09-18,64,25,0.390625,10.0,0.3448275862068966
2018-09-19,38,4,0.10526315789473684,25.0,0.390625
2018-09-20,74,7,0.0945945945945946,4.0,0.10526315789473684
2018-09-21,30,1,0.03333333333333333,7.0,0.0945945945945946
2018-09-22,8,1,0.125,1.0,0.03333333333333333
2018-09-23,15,2,0.13333333333333333,1.0,0.125
2018-09-24,36,2,0.05555555555555555,2.0,0.13333333333333333
2018-09-25,63,2,0.031746031746031744,2.0,0.05555555555555555
2018-09-26,58,2,0.034482758620689655,2.0,0.031746031746031744
2018-09-27,29,5,0.1724137931034483,2.0,0.034482758620689655
2018-09-28,40,4,0.1,5.0,0.1724137931034483
2018-09-29,8,0,0.0,4.0,0.1
2018-09-30,9,2,0.2222222222222222,0.0,0.0
2018-10-01,54,8,0.14814814814814814,2.0,0.2222222222222222
2018-10-02,28,4,0.14285714285714285,8.0,0.14814814814814814
2018-10-03,22,2,0.09090909090909091,4.0,0.14285714285714285
2018-10-04,55,4,0.07272727272727272,2.0,0.09090909090909091
2018-10-05,56,20,0.35714285714285715,4.0,0.07272727272727272
2018-10-06,25,7,0.28,20.0,0.35714285714285715
2018-10-07,2,0,0.0,7.0,0.28
2018-10-14,20,4,0.2,0.0,0.0
2018-10-15,58,6,0.10344827586206896,4.0,0.2
2018-10-16,58,13,0.22413793103448276,6.0,0.10344827586206896
2018-10-17,49,2,0.04081632653061224,13.0,0.22413793103448276
2018-10-18,30,4,0.13333333333333333,2.0,0.04081632653061224
2018-10-19,26,2,0.07692307692307693,4.0,0.13333333333333333
2018-10-20,7,1,0.14285714285714285,2.0,0.07692307692307693
2018-10-21,2,0,0.0,1.0,0.14285714285714285
2018-11-04,12,0,0.0,0.0,0.0
2018-11-05,136,1,0.007352941176470588,0.0,0.0
2018-11-06,58,1,0.017241379310344827,1.0,0.007352941176470588
2018-11-07,16,0,0.0,1.0,0.017241379310344827
2018-11-08,9,0,0.0,0.0,0.0
2018-11-09,17,0,0.0,0.0,0.0
2018-11-10,2,0,0.0,0.0,0.0
2018-11-11,37,5,0.13513513513513514,0.0,0.0
2018-11-12,50,4,0.08,5.0,0.13513513513513514
2018-11-13,46,3,0.06521739130434782,4.0,0.08
2018-11-14,53,14,0.2641509433962264,3.0,0.06521739130434782
2018-11-15,30,13,0.43333333333333335,14.0,0.2641509433962264
2018-11-16,13,2,0.15384615384615385,13.0,0.43333333333333335
2018-11-17,20,1,0.05,2.0,0.15384615384615385
2018-11-18,4,1,0.25,1.0,0.05
2018-11-19,19,1,0.05263157894736842,1.0,0.25
2018-11-20,102,4,0.0392156862745098,1.0,0.05263157894736842
2018-11-21,85,8,0.09411764705882353,4.0,0.0392156862745098
2018-11-22,27,1,0.037037037037037035,8.0,0.09411764705882353
2018-11-23,10,0,0.0,1.0,0.037037037037037035
2018-11-24,4,0,0.0,0.0,0.0
2018-12-02,4,1,0.25,0.0,0.0
2018-12-03,6,0,0.0,1.0,0.25
2018-12-04,87,14,0.16091954022988506,0.0,0.0
2018-12-05,39,13,0.3333333333333333,14.0,0.16091954022988506
2018-12-06,50,2,0.04,13.0,0.3333333333333333
2018-12-07,52,0,0.0,2.0,0.04
2018-12-08,9,-1,-0.1111111111111111,0.0,0.0
2018-12-09,31,2,0.06451612903225806,-1.0,-0.1111111111111111
2018-12-10,20,2,0.1,2.0,0.06451612903225806
2018-12-11,60,21,0.35,2.0,0.1
2018-12-12,34,5,0.14705882352941177,21.0,0.35
2018-12-13,58,6,0.10344827586206896,5.0,0.14705882352941177
2018-12-14,32,0,0.0,6.0,0.10344827586206896
2018-12-15,16,4,0.25,0.0,0.0
2018-12-16,17,1,0.058823529411764705,4.0,0.25
2018-12-17,42,4,0.09523809523809523,1.0,0.058823529411764705
2018-12-18,39,3,0.07692307692307693,4.0,0.09523809523809523
2018-12-19,32,11,0.34375,3.0,0.07692307692307693
2018-12-20,35,4,0.11428571428571428,11.0,0.34375
2018-12-21,67,32,0.47761194029850745,4.0,0.11428571428571428
2018-12-22,20,4,0.2,32.0,0.47761194029850745
2018-12-23,4,0,0.0,4.0,0.2
2018-12-24,6,2,0.3333333333333333,0.0,0.0
2018-12-25,58,18,0.3103448275862069,2.0,0.3333333333333333
2018-12-26,66,5,0.07575757575757576,18.0,0.3103448275862069
2018-12-27,55,9,0.16363636363636364,5.0,0.07575757575757576
2018-12-28,35,6,0.17142857142857143,9.0,0.16363636363636364
2018-12-29,26,2,0.07692307692307693,6.0,0.17142857142857143
2019-01-28,37,2,0.05405405405405406,2.0,0.07692307692307693
2019-01-29,93,7,0.07526881720430108,2.0,0.05405405405405406
2019-01-30,82,14,0.17073170731707318,7.0,0.07526881720430108
2019-01-31,16,2,0.125,14.0,0.17073170731707318
2019-02-01,20,0,0.0,2.0,0.125
2019-02-02,2,0,0.0,0.0,0.0
2019-02-03,8,4,0.5,0.0,0.0
2019-02-04,27,12,0.4444444444444444,4.0,0.5
2019-02-05,117,22,0.18803418803418803,12.0,0.4444444444444444
2019-02-06,36,3,0.08333333333333333,22.0,0.18803418803418803
2019-02-07,27,7,0.25925925925925924,3.0,0.08333333333333333
2019-02-08,14,5,0.35714285714285715,7.0,0.25925925925925924
2019-02-09,20,0,0.0,5.0,0.35714285714285715
2019-02-10,48,3,0.0625,0.0,0.0
2019-02-11,40,5,0.125,3.0,0.0625
2019-02-12,34,15,0.4411764705882353,5.0,0.125
2019-02-13,67,43,0.6417910447761194,15.0,0.4411764705882353
2019-02-14,14,2,0.14285714285714285,43.0,0.6417910447761194
2019-02-15,24,0,0.0,2.0,0.14285714285714285
2019-02-16,24,0,0.0,0.0,0.0
2019-02-24,13,11,0.8461538461538461,0.0,0.0
2019-02-25,40,6,0.15,11.0,0.8461538461538461
2019-02-26,58,15,0.25862068965517243,6.0,0.15
2019-02-27,25,3,0.12,15.0,0.25862068965517243
2019-02-28,51,19,0.37254901960784315,3.0,0.12
2019-03-01,51,11,0.21568627450980393,19.0,0.37254901960784315
2019-03-02,11,2,0.18181818181818182,11.0,0.21568627450980393
2019-03-03,1,0,0.0,2.0,0.18181818181818182
2019-03-10,20,0,0.0,0.0,0.0
2019-03-11,27,5,0.18518518518518517,0.0,0.0
2019-03-12,51,2,0.0392156862745098,5.0,0.18518518518518517
2019-03-13,58,12,0.20689655172413793,2.0,0.0392156862745098
2019-03-14,67,4,0.05970149253731343,12.0,0.20689655172413793
2019-03-15,24,5,0.20833333333333334,4.0,0.05970149253731343
2019-03-16,3,0,0.0,5.0,0.20833333333333334
2019-03-24,31,1,0.03225806451612903,0.0,0.0
2019-03-25,24,4,0.16666666666666666,1.0,0.03225806451612903
2019-03-26,43,16,0.37209302325581395,4.0,0.16666666666666666
2019-03-27,20,3,0.15,16.0,0.37209302325581395
2019-03-28,32,-1,-0.03125,3.0,0.15
2019-03-29,81,18,0.2222222222222222,-1.0,-0.03125
2019-03-30,19,3,0.15789473684210525,18.0,0.2222222222222222
2019-03-31,2,0,0.0,3.0,0.15789473684210525
2019-04-01,21,-1,-0.047619047619047616,0.0,0.0
2019-04-02,40,0,0.0,-1.0,-0.047619047619047616
2019-04-03,70,1,0.014285714285714285,0.0,0.0
2019-04-04,16,0,0.0,1.0,0.014285714285714285
2019-04-05,49,0,0.0,0.0,0.0
2019-04-06,52,3,0.057692307692307696,0.0,0.0
2019-04-22,105,3,0.02857142857142857,3.0,0.057692307692307696
2019-04-23,79,5,0.06329113924050633,3.0,0.02857142857142857
2019-04-24,20,1,0.05,5.0,0.06329113924050633
2019-04-25,26,4,0.15384615384615385,1.0,0.05
2019-04-26,14,3,0.21428571428571427,4.0,0.15384615384615385
2019-04-27,3,2,0.6666666666666666,3.0,0.21428571428571427
2019-04-28,19,0,0.0,2.0,0.6666666666666666
2019-04-29,41,16,0.3902439024390244,0.0,0.0
2019-04-30,50,13,0.26,16.0,0.3902439024390244
2019-05-01,27,11,0.4074074074074074,13.0,0.26
2019-05-02,57,10,0.17543859649122806,11.0,0.4074074074074074
2019-05-03,46,5,0.10869565217391304,10.0,0.17543859649122806
2019-05-04,13,1,0.07692307692307693,5.0,0.10869565217391304
2019-05-12,12,1,0.08333333333333333,1.0,0.07692307692307693
2019-05-13,64,5,0.078125,1.0,0.08333333333333333
2019-05-14,41,3,0.07317073170731707,5.0,0.078125
2019-05-15,42,2,0.047619047619047616,3.0,0.07317073170731707
2019-05-16,27,4,0.14814814814814814,2.0,0.047619047619047616
2019-05-17,36,8,0.2222222222222222,4.0,0.14814814814814814
2019-05-18,27,0,0.0,8.0,0.2222222222222222
2019-05-19,1,0,0.0,0.0,0.0
2019-06-02,11,1,0.09090909090909091,0.0,0.0
2019-06-03,10,2,0.2,1.0,0.09090909090909091
2019-06-04,30,4,0.13333333333333333,2.0,0.2
2019-06-05,23,13,0.5652173913043478,4.0,0.13333333333333333
2019-06-06,36,4,0.1111111111111111,13.0,0.5652173913043478
2019-06-07,78,16,0.20512820512820512,4.0,0.1111111111111111
2019-06-08,61,10,0.16393442622950818,16.0,0.20512820512820512
2019-06-09,1,0,0.0,10.0,0.16393442622950818
2019-06-23,4,2,0.5,0.0,0.0
2019-06-24,54,7,0.12962962962962962,2.0,0.5
2019-06-25,42,-1,-0.023809523809523808,7.0,0.12962962962962962
2019-06-26,29,10,0.3448275862068966,-1.0,-0.023809523809523808
2019-06-27,12,2,0.16666666666666666,10.0,0.3448275862068966
2019-06-28,84,10,0.11904761904761904,2.0,0.16666666666666666
2019-06-29,25,5,0.2,10.0,0.11904761904761904
2019-06-30,2,0,0.0,5.0,0.2
2019-07-01,2,0,0.0,0.0,0.0
2019-07-02,15,0,0.0,0.0,0.0
2019-07-03,54,12,0.2222222222222222,0.0,0.0
2019-07-04,107,32,0.29906542056074764,12.0,0.2222222222222222
2019-07-05,62,12,0.1935483870967742,32.0,0.29906542056074764
2019-07-06,8,5,0.625,12.0,0.1935483870967742
2019-07-07,31,7,0.22580645161290322,5.0,0.625
2019-07-08,63,18,0.2857142857142857,7.0,0.22580645161290322
2019-07-09,14,5,0.35714285714285715,18.0,0.2857142857142857
2019-07-10,22,8,0.36363636363636365,5.0,0.35714285714285715
2019-07-11,22,5,0.22727272727272727,8.0,0.36363636363636365
2019-07-12,57,7,0.12280701754385964,5.0,0.22727272727272727
2019-07-13,41,2,0.04878048780487805,7.0,0.12280701754385964
2019-07-21,6,0,0.0,2.0,0.04878048780487805
2019-07-22,84,8,0.09523809523809523,0.0,0.0
2019-07-23,100,31,0.31,8.0,0.09523809523809523
2019-07-24,16,3,0.1875,31.0,0.31
2019-07-25,11,1,0.09090909090909091,3.0,0.1875
2019-07-26,28,2,0.07142857142857142,1.0,0.09090909090909091
2019-07-27,5,0,0.0,2.0,0.07142857142857142
2019-07-28,49,-39,-0.7959183673469388,0.0,0.0
2019-07-29,43,-3,-0.06976744186046512,-39.0,-0.7959183673469388
2019-07-30,28,10,0.35714285714285715,-3.0,-0.06976744186046512
2019-07-31,26,7,0.2692307692307692,10.0,0.35714285714285715
2019-08-01,36,-1,-0.027777777777777776,7.0,0.2692307692307692
2019-08-02,46,15,0.32608695652173914,-1.0,-0.027777777777777776
2019-08-03,20,6,0.3,15.0,0.32608695652173914
2019-08-04,2,0,0.0,6.0,0.3
2019-09-15,18,2,0.1111111111111111,0.0,0.0
2019-09-16,3,-1,-0.3333333333333333,2.0,0.1111111111111111
2019-09-17,2,0,0.0,-1.0,-0.3333333333333333
2019-09-18,96,47,0.4895833333333333,0.0,0.0
2019-09-19,40,15,0.375,47.0,0.4895833333333333
2019-09-20,48,16,0.3333333333333333,15.0,0.375
2019-09-21,42,6,0.14285714285714285,16.0,0.3333333333333333
2019-09-22,1,0,0.0,6.0,0.14285714285714285
2019-09-29,34,12,0.35294117647058826,0.0,0.0
2019-09-30,36,16,0.4444444444444444,12.0,0.35294117647058826
2019-10-01,46,3,0.06521739130434782,16.0,0.4444444444444444
2019-10-02,50,3,0.06,3.0,0.06521739130434782
2019-10-03,38,0,0.0,3.0,0.06
2019-10-04,25,-1,-0.04,0.0,0.0
2019-10-05,20,4,0.2,-1.0,-0.04
2019-10-06,1,0,0.0,4.0,0.2
2019-11-10,115,2,0.017391304347826087,0.0,0.0
2019-11-11,57,0,0.0,2.0,0.017391304347826087
2019-11-12,20,2,0.1,0.0,0.0
2019-11-13,6,0,0.0,2.0,0.1
2019-11-14,7,0,0.0,0.0,0.0
2019-11-15,29,0,0.0,0.0,0.0
2019-11-16,16,6,0.375,0.0,0.0
2019-12-01,2,0,0.0,6.0,0.375
2019-12-02,57,26,0.45614035087719296,0.0,0.0
2019-12-03,62,17,0.27419354838709675,26.0,0.45614035087719296
2019-12-04,38,7,0.18421052631578946,17.0,0.27419354838709675
2019-12-05,64,12,0.1875,7.0,0.18421052631578946
2019-12-06,19,3,0.15789473684210525,12.0,0.1875
2019-12-07,8,2,0.25,3.0,0.15789473684210525
2019-12-15,17,0,0.0,2.0,0.25
2019-12-16,13,2,0.15384615384615385,0.0,0.0
2019-12-17,46,3,0.06521739130434782,2.0,0.15384615384615385
2019-12-18,45,2,0.044444444444444446,3.0,0.06521739130434782
2019-12-19,37,9,0.24324324324324326,2.0,0.044444444444444446
2019-12-20,19,-8,-0.42105263157894735,9.0,0.24324324324324326
2019-12-21,71,34,0.4788732394366197,-8.0,-0.42105263157894735
2019-12-22,2,2,1.0,34.0,0.4788732394366197
2020-05-24,38,8,0.21052631578947367,2.0,1.0
2020-05-25,35,5,0.14285714285714285,8.0,0.21052631578947367
2020-05-26,50,7,0.14,5.0,0.14285714285714285
2020-05-27,27,0,0.0,7.0,0.14
2020-05-28,45,2,0.044444444444444446,0.0,0.0
2020-05-29,45,0,0.0,2.0,0.044444444444444446
2020-05-30,10,-1,-0.1,0.0,0.0
2020-05-31,16,0,0.0,-1.0,-0.1
2020-06-01,46,2,0.043478260869565216,0.0,0.0
2020-06-02,53,16,0.3018867924528302,2.0,0.043478260869565216
2020-06-03,28,7,0.25,16.0,0.3018867924528302
2020-06-04,12,0,0.0,7.0,0.25
2020-06-05,60,5,0.08333333333333333,0.0,0.0
2020-06-06,35,6,0.17142857142857143,5.0,0.08333333333333333
2020-06-07,3,0,0.0,6.0,0.17142857142857143
2020-06-08,8,0,0.0,0.0,0.0
2020-06-09,53,16,0.3018867924528302,0.0,0.0
2020-06-10,48,18,0.375,16.0,0.3018867924528302
2020-06-11,26,0,0.0,18.0,0.375
2020-06-12,62,31,0.5,0.0,0.0
2020-06-13,50,8,0.16,31.0,0.5
2020-06-14,16,2,0.125,8.0,0.16
2020-06-15,33,6,0.18181818181818182,2.0,0.125
2020-06-16,22,3,0.13636363636363635,6.0,0.18181818181818182
2020-06-17,9,0,0.0,3.0,0.13636363636363635
2020-06-18,75,38,0.5066666666666667,0.0,0.0
2020-06-19,66,20,0.30303030303030304,38.0,0.5066666666666667
2020-06-20,28,2,0.07142857142857142,20.0,0.30303030303030304
2020-06-21,23,2,0.08695652173913043,2.0,0.07142857142857142
2020-06-22,23,0,0.0,2.0,0.08695652173913043
2020-06-23,24,5,0.20833333333333334,0.0,0.0
2020-06-24,53,5,0.09433962264150944,5.0,0.20833333333333334
2020-06-25,61,7,0.11475409836065574,5.0,0.09433962264150944
2020-06-26,47,12,0.2553191489361702,7.0,0.11475409836065574
2020-06-27,20,4,0.2,12.0,0.2553191489361702
2020-06-28,11,0,0.0,4.0,0.2
2020-06-29,56,9,0.16071428571428573,0.0,0.0
2020-06-30,25,9,0.36,9.0,0.16071428571428573
2020-07-01,35,10,0.2857142857142857,9.0,0.36
2020-07-02,53,12,0.22641509433962265,10.0,0.2857142857142857
2020-07-03,31,3,0.0967741935483871,12.0,0.22641509433962265
2020-07-04,37,16,0.43243243243243246,3.0,0.0967741935483871
2020-07-05,2,0,0.0,16.0,0.43243243243243246
2020-07-12,14,6,0.42857142857142855,0.0,0.0
2020-07-13,115,46,0.4,6.0,0.42857142857142855
2020-07-14,40,1,0.025,46.0,0.4
2020-07-15,25,4,0.16,1.0,0.025
2020-07-16,14,0,0.0,4.0,0.16
2020-07-17,24,1,0.041666666666666664,0.0,0.0
2020-07-18,13,2,0.15384615384615385,1.0,0.041666666666666664
2020-07-19,38,6,0.15789473684210525,2.0,0.15384615384615385
2020-07-20,75,-1,-0.013333333333333334,6.0,0.15789473684210525
2020-07-21,47,5,0.10638297872340426,-1.0,-0.013333333333333334
2020-07-22,18,2,0.1111111111111111,5.0,0.10638297872340426
2020-07-23,25,2,0.08,2.0,0.1111111111111111
2020-07-24,32,1,0.03125,2.0,0.08
2020-07-25,20,2,0.1,1.0,0.03125
2020-07-26,21,1,0.047619047619047616,2.0,0.1
2020-07-27,27,3,0.1111111111111111,1.0,0.047619047619047616
2020-07-28,26,6,0.23076923076923078,3.0,0.1111111111111111
2020-07-29,42,23,0.5476190476190477,6.0,0.23076923076923078
2020-07-30,51,16,0.3137254901960784,23.0,0.5476190476190477
2020-07-31,69,3,0.043478260869565216,16.0,0.3137254901960784
2020-08-01,14,1,0.07142857142857142,3.0,0.043478260869565216
2020-08-09,4,0,0.0,1.0,0.07142857142857142
2020-08-10,10,1,0.1,0.0,0.0
2020-08-11,15,0,0.0,1.0,0.1
2020-08-12,25,1,0.04,0.0,0.0
2020-08-13,42,1,0.023809523809523808,1.0,0.04
2020-08-14,111,26,0.23423423423423423,1.0,0.023809523809523808
2020-08-15,42,4,0.09523809523809523,26.0,0.23423423423423423
2020-08-16,1,0,0.0,4.0,0.09523809523809523
2020-10-11,63,2,0.031746031746031744,0.0,0.0
2020-10-12,42,2,0.047619047619047616,2.0,0.031746031746031744
2020-10-13,51,16,0.3137254901960784,2.0,0.047619047619047616
2020-10-14,33,4,0.12121212121212122,16.0,0.3137254901960784
2020-10-15,22,2,0.09090909090909091,4.0,0.12121212121212122
2020-10-16,12,0,0.0,2.0,0.09090909090909091
2020-10-17,27,0,0.0,0.0,0.0
2020-10-25,23,0,0.0,0.0,0.0
2020-10-26,26,5,0.19230769230769232,0.0,0.0
2020-10-27,85,18,0.21176470588235294,5.0,0.19230769230769232
2020-10-28,44,19,0.4318181818181818,18.0,0.21176470588235294
2020-10-29,33,2,0.06060606060606061,19.0,0.4318181818181818
2020-10-30,33,3,0.09090909090909091,2.0,0.06060606060606061
2020-10-31,6,1,0.16666666666666666,3.0,0.09090909090909091
2020-11-29,6,0,0.0,1.0,0.16666666666666666
2020-11-30,38,5,0.13157894736842105,0.0,0.0
2020-12-01,43,8,0.18604651162790697,5.0,0.13157894736842105
2020-12-02,35,5,0.14285714285714285,8.0,0.18604651162790697
2020-12-03,53,0,0.0,5.0,0.14285714285714285
2020-12-04,51,3,0.058823529411764705,0.0,0.0
2020-12-05,23,2,0.08695652173913043,3.0,0.058823529411764705
2020-12-06,1,0,0.0,2.0,0.08695652173913043
2020-12-13,12,0,0.0,0.0,0.0
2020-12-14,76,7,0.09210526315789473,0.0,0.0
2020-12-15,13,6,0.46153846153846156,7.0,0.09210526315789473
2020-12-16,49,3,0.061224489795918366,6.0,0.46153846153846156
2020-12-17,82,12,0.14634146341463414,3.0,0.061224489795918366
2020-12-18,12,1,0.08333333333333333,12.0,0.14634146341463414
2020-12-19,5,2,0.4,1.0,0.08333333333333333
2020-12-20,14,3,0.21428571428571427,2.0,0.4
2020-12-21,48,5,0.10416666666666667,3.0,0.21428571428571427
2020-12-22,58,6,0.10344827586206896,5.0,0.10416666666666667
2020-12-23,57,9,0.15789473684210525,6.0,0.10344827586206896
2020-12-24,38,2,0.05263157894736842,9.0,0.15789473684210525
2020-12-25,22,3,0.13636363636363635,2.0,0.05263157894736842
2020-12-26,14,0,0.0,3.0,0.13636363636363635
2021-01-03,12,-2,-0.16666666666666666,0.0,0.0
2021-01-04,53,15,0.2830188679245283,-2.0,-0.16666666666666666
2021-01-05,69,9,0.13043478260869565,15.0,0.2830188679245283
2021-01-06,29,4,0.13793103448275862,9.0,0.13043478260869565
2021-01-07,19,3,0.15789473684210525,4.0,0.13793103448275862
2021-01-08,22,2,0.09090909090909091,3.0,0.15789473684210525
2021-01-09,46,15,0.32608695652173914,2.0,0.09090909090909091
2021-01-10,39,12,0.3076923076923077,15.0,0.32608695652173914
2021-01-11,48,10,0.20833333333333334,12.0,0.3076923076923077
2021-01-12,24,-1,-0.041666666666666664,10.0,0.20833333333333334
2021-01-13,34,8,0.23529411764705882,-1.0,-0.041666666666666664
2021-01-14,36,-1,-0.027777777777777776,8.0,0.23529411764705882
2021-01-15,57,-5,-0.08771929824561403,-1.0,-0.027777777777777776
2021-01-16,12,4,0.3333333333333333,-5.0,-0.08771929824561403
2021-01-24,38,4,0.10526315789473684,4.0,0.3333333333333333
2021-01-25,86,2,0.023255813953488372,4.0,0.10526315789473684
2021-01-26,34,1,0.029411764705882353,2.0,0.023255813953488372
2021-01-27,39,7,0.1794871794871795,1.0,0.029411764705882353
2021-01-28,30,-1,-0.03333333333333333,7.0,0.1794871794871795
2021-01-29,15,0,0.0,-1.0,-0.03333333333333333
2021-01-30,8,1,0.125,0.0,0.0
2021-02-07,31,12,0.3870967741935484,1.0,0.125
2021-02-08,57,9,0.15789473684210525,12.0,0.3870967741935484
2021-02-09,59,2,0.03389830508474576,9.0,0.15789473684210525
2021-02-10,26,0,0.0,2.0,0.03389830508474576
2021-02-11,22,1,0.045454545454545456,0.0,0.0
2021-02-12,42,16,0.38095238095238093,1.0,0.045454545454545456
2021-02-13,13,6,0.46153846153846156,16.0,0.38095238095238093
2021-02-14,7,0,0.0,6.0,0.46153846153846156
2021-02-15,33,5,0.15151515151515152,0.0,0.0
2021-02-16,35,1,0.02857142857142857,5.0,0.15151515151515152
2021-02-17,21,4,0.19047619047619047,1.0,0.02857142857142857
2021-02-18,29,3,0.10344827586206896,4.0,0.19047619047619047
2021-02-19,77,4,0.05194805194805195,3.0,0.10344827586206896
2021-02-20,47,1,0.02127659574468085,4.0,0.05194805194805195
2021-02-21,1,0,0.0,1.0,0.02127659574468085
2021-02-28,4,1,0.25,0.0,0.0
2021-03-01,35,2,0.05714285714285714,1.0,0.25
2021-03-02,45,2,0.044444444444444446,2.0,0.05714285714285714
2021-03-03,45,2,0.044444444444444446,2.0,0.044444444444444446
2021-03-04,44,6,0.13636363636363635,2.0,0.044444444444444446
2021-03-05,40,2,0.05,6.0,0.13636363636363635
2021-03-06,36,5,0.1388888888888889,2.0,0.05
2021-03-07,1,0,0.0,5.0,0.1388888888888889
2021-03-28,11,-3,-0.2727272727272727,0.0,0.0
2021-03-29,105,-1,-0.009523809523809525,-3.0,-0.2727272727272727
2021-03-30,38,0,0.0,-1.0,-0.009523809523809525
2021-03-31,21,0,0.0,0.0,0.0
2021-04-01,27,8,0.2962962962962963,0.0,0.0
2021-04-02,34,9,0.2647058823529412,8.0,0.2962962962962963
2021-04-03,13,1,0.07692307692307693,9.0,0.2647058823529412
2021-04-04,1,0,0.0,1.0,0.07692307692307693
2021-04-11,37,22,0.5945945945945946,0.0,0.0
2021-04-12,28,5,0.17857142857142858,22.0,0.5945945945945946
2021-04-13,27,1,0.037037037037037035,5.0,0.17857142857142858
2021-04-14,30,1,0.03333333333333333,1.0,0.037037037037037035
2021-04-15,55,4,0.07272727272727272,1.0,0.03333333333333333
2021-04-16,54,4,0.07407407407407407,4.0,0.07272727272727272
2021-04-17,18,4,0.2222222222222222,4.0,0.07407407407407407
2021-04-18,1,0,0.0,4.0,0.2222222222222222
2021-04-25,18,2,0.1111111111111111,0.0,0.0
2021-04-26,15,3,0.2,2.0,0.1111111111111111
2021-04-27,45,11,0.24444444444444444,3.0,0.2
2021-04-28,74,2,0.02702702702702703,11.0,0.24444444444444444
2021-04-29,49,4,0.08163265306122448,2.0,0.02702702702702703
2021-04-30,25,0,0.0,4.0,0.08163265306122448
2021-05-01,22,1,0.045454545454545456,0.0,0.0
2021-05-02,53,3,0.05660377358490566,1.0,0.045454545454545456
2021-05-03,46,2,0.043478260869565216,3.0,0.05660377358490566
2021-05-04,54,9,0.16666666666666666,2.0,0.043478260869565216
2021-05-05,24,1,0.041666666666666664,9.0,0.16666666666666666
2021-05-06,32,-1,-0.03125,1.0,0.041666666666666664
2021-05-07,31,5,0.16129032258064516,-1.0,-0.03125
2021-05-08,11,1,0.09090909090909091,5.0,0.16129032258064516
2021-05-09,1,0,0.0,1.0,0.09090909090909091
2021-06-06,6,2,0.3333333333333333,0.0,0.0
2021-06-07,9,1,0.1111111111111111,2.0,0.3333333333333333
2021-06-08,8,0,0.0,1.0,0.1111111111111111
2021-06-09,68,4,0.058823529411764705,0.0,0.0
2021-06-10,67,10,0.14925373134328357,4.0,0.058823529411764705
2021-06-11,80,6,0.075,10.0,0.14925373134328357
2021-06-12,11,-1,-0.09090909090909091,6.0,0.075
2021-06-13,26,-1,-0.038461538461538464,-1.0,-0.09090909090909091
2021-06-14,42,2,0.047619047619047616,-1.0,-0.038461538461538464
2021-06-15,23,2,0.08695652173913043,2.0,0.047619047619047616
2021-06-16,28,4,0.14285714285714285,2.0,0.08695652173913043
2021-06-17,19,0,0.0,4.0,0.14285714285714285
2021-06-18,87,-1,-0.011494252873563218,0.0,0.0
2021-06-19,26,0,0.0,-1.0,-0.011494252873563218
2021-06-20,6,0,0.0,0.0,0.0
2021-06-21,83,-3,-0.03614457831325301,0.0,0.0
2021-06-22,32,2,0.0625,-3.0,-0.03614457831325301
2021-06-23,40,10,0.25,2.0,0.0625
2021-06-24,57,5,0.08771929824561403,10.0,0.25
2021-06-25,28,0,0.0,5.0,0.08771929824561403
2021-06-26,4,1,0.25,0.0,0.0
2021-06-27,20,2,0.1,1.0,0.25
2021-06-28,52,9,0.17307692307692307,2.0,0.1
2021-06-29,32,4,0.125,9.0,0.17307692307692307
2021-06-30,66,23,0.3484848484848485,4.0,0.125
2021-07-01,43,4,0.09302325581395349,23.0,0.3484848484848485
2021-07-02,21,6,0.2857142857142857,4.0,0.09302325581395349
2021-07-03,16,3,0.1875,6.0,0.2857142857142857
2021-07-04,20,6,0.3,3.0,0.1875
2021-07-05,43,5,0.11627906976744186,6.0,0.3
2021-07-06,75,13,0.17333333333333334,5.0,0.11627906976744186
2021-07-07,43,7,0.16279069767441862,13.0,0.17333333333333334
2021-07-08,32,1,0.03125,7.0,0.16279069767441862
2021-07-09,24,1,0.041666666666666664,1.0,0.03125
2021-07-10,13,0,0.0,1.0,0.041666666666666664
2021-07-11,5,0,0.0,0.0,0.0
2021-07-12,90,6,0.06666666666666667,0.0,0.0
2021-07-13,63,-4,-0.06349206349206349,6.0,0.06666666666666667
2021-07-14,45,6,0.13333333333333333,-4.0,-0.06349206349206349
2021-07-15,23,3,0.13043478260869565,6.0,0.13333333333333333
2021-07-16,9,0,0.0,3.0,0.13043478260869565
2021-07-17,15,0,0.0,0.0,0.0
2021-08-01,24,0,0.0,0.0,0.0
2021-08-02,29,4,0.13793103448275862,0.0,0.0
2021-08-03,46,12,0.2608695652173913,4.0,0.13793103448275862
2021-08-04,44,0,0.0,12.0,0.2608695652173913
2021-08-05,49,19,0.3877551020408163,0.0,0.0
2021-08-06,29,9,0.3103448275862069,19.0,0.3877551020408163
2021-08-07,29,3,0.10344827586206896,9.0,0.3103448275862069
2021-08-08,7,0,0.0,3.0,0.10344827586206896
2021-08-09,83,3,0.03614457831325301,0.0,0.0
2021-08-10,45,3,0.06666666666666667,3.0,0.03614457831325301
2021-08-11,50,5,0.1,3.0,0.06666666666666667
2021-08-12,22,0,0.0,5.0,0.1
2021-08-13,31,13,0.41935483870967744,0.0,0.0
2021-08-14,12,3,0.25,13.0,0.41935483870967744
2021-08-29,35,24,0.6857142857142857,3.0,0.25
2021-08-30,35,7,0.2,24.0,0.6857142857142857
2021-08-31,25,3,0.12,7.0,0.2
2021-09-01,19,4,0.21052631578947367,3.0,0.12
2021-09-02,63,2,0.031746031746031744,4.0,0.21052631578947367
2021-09-03,52,2,0.038461538461538464,2.0,0.031746031746031744
2021-09-04,21,2,0.09523809523809523,2.0,0.038461538461538464
2021-09-12,11,0,0.0,2.0,0.09523809523809523
2021-09-13,53,1,0.018867924528301886,0.0,0.0
2021-09-14,35,0,0.0,1.0,0.018867924528301886
2021-09-15,25,0,0.0,0.0,0.0
2021-09-16,64,7,0.109375,0.0,0.0
2021-09-17,49,13,0.2653061224489796,7.0,0.109375
2021-09-18,13,3,0.23076923076923078,13.0,0.2653061224489796
2021-09-19,20,2,0.1,3.0,0.23076923076923078
2021-09-20,33,1,0.030303030303030304,2.0,0.1
2021-09-21,28,17,0.6071428571428571,1.0,0.030303030303030304
2021-09-22,23,2,0.08695652173913043,17.0,0.6071428571428571
2021-09-23,53,1,0.018867924528301886,2.0,0.08695652173913043
2021-09-24,38,0,0.0,1.0,0.018867924528301886
2021-09-25,55,20,0.36363636363636365,0.0,0.0
2021-10-03,24,2,0.08333333333333333,20.0,0.36363636363636365
2021-10-04,26,1,0.038461538461538464,2.0,0.08333333333333333
2021-10-05,59,9,0.15254237288135594,1.0,0.038461538461538464
2021-10-06,41,4,0.0975609756097561,9.0,0.15254237288135594
2021-10-07,46,6,0.13043478260869565,4.0,0.0975609756097561
2021-10-08,33,3,0.09090909090909091,6.0,0.13043478260869565
2021-10-09,20,0,0.0,3.0,0.09090909090909091
2021-10-10,27,-1,-0.037037037037037035,0.0,0.0
2021-10-11,40,4,0.1,-1.0,-0.037037037037037035
2021-10-12,28,3,0.10714285714285714,4.0,0.1
2021-10-13,29,3,0.10344827586206896,3.0,0.10714285714285714
2021-10-14,57,1,0.017543859649122806,3.0,0.10344827586206896
2021-10-15,27,6,0.2222222222222222,1.0,0.017543859649122806
2021-10-16,43,5,0.11627906976744186,6.0,0.2222222222222222
2021-10-17,22,0,0.0,5.0,0.11627906976744186
2021-10-18,56,9,0.16071428571428573,0.0,0.0
2021-10-19,52,14,0.2692307692307692,9.0,0.16071428571428573
2021-10-20,25,2,0.08,14.0,0.2692307692307692
2021-10-21,24,8,0.3333333333333333,2.0,0.08
2021-10-22,36,12,0.3333333333333333,8.0,0.3333333333333333
2021-10-23,34,15,0.4411764705882353,12.0,0.3333333333333333
2021-10-24,1,0,0.0,15.0,0.4411764705882353
2021-10-31,8,-1,-0.125,0.0,0.0
2021-11-01,4,0,0.0,-1.0,-0.125
2021-11-02,39,3,0.07692307692307693,0.0,0.0
2021-11-03,85,1,0.011764705882352941,3.0,0.07692307692307693
2021-11-04,74,-11,-0.14864864864864866,1.0,0.011764705882352941
2021-11-05,21,-4,-0.19047619047619047,-11.0,-0.14864864864864866
2021-11-06,19,1,0.05263157894736842,-4.0,-0.19047619047619047
2021-11-07,14,2,0.14285714285714285,1.0,0.05263157894736842
2021-11-08,32,1,0.03125,2.0,0.14285714285714285
2021-11-09,37,2,0.05405405405405406,1.0,0.03125
2021-11-10,43,1,0.023255813953488372,2.0,0.05405405405405406
2021-11-11,63,8,0.12698412698412698,1.0,0.023255813953488372
2021-11-12,45,-3,-0.06666666666666667,8.0,0.12698412698412698
2021-11-13,16,0,0.0,-3.0,-0.06666666666666667
2021-11-14,10,0,0.0,0.0,0.0
2021-11-15,61,10,0.16393442622950818,0.0,0.0
2021-11-16,34,4,0.11764705882352941,10.0,0.16393442622950818
2021-11-17,57,-6,-0.10526315789473684,4.0,0.11764705882352941
2021-11-18,27,-1,-0.037037037037037035,-6.0,-0.10526315789473684
2021-11-19,26,3,0.11538461538461539,-1.0,-0.037037037037037035
2021-11-20,34,2,0.058823529411764705,3.0,0.11538461538461539
2021-11-21,1,0,0.0,2.0,0.058823529411764705
2021-11-28,17,0,0.0,0.0,0.0
2021-11-29,38,-6,-0.15789473684210525,0.0,0.0
2021-11-30,41,-5,-0.12195121951219512,-6.0,-0.15789473684210525
2021-12-01,46,6,0.13043478260869565,-5.0,-0.12195121951219512
2021-12-02,53,2,0.03773584905660377,6.0,0.13043478260869565
2021-12-03,32,5,0.15625,2.0,0.03773584905660377
2021-12-04,22,-1,-0.045454545454545456,5.0,0.15625
2021-12-05,76,1,0.013157894736842105,-1.0,-0.045454545454545456
2021-12-06,20,-1,-0.05,1.0,0.013157894736842105
2021-12-07,19,0,0.0,-1.0,-0.05
2021-12-08,25,3,0.12,0.0,0.0
2021-12-09,60,7,0.11666666666666667,3.0,0.12
2021-12-10,38,1,0.02631578947368421,7.0,0.11666666666666667
2021-12-11,13,0,0.0,1.0,0.02631578947368421
2021-12-19,9,1,0.1111111111111111,0.0,0.0
2021-12-20,30,1,0.03333333333333333,1.0,0.1111111111111111
2021-12-21,34,5,0.14705882352941177,1.0,0.03333333333333333
2021-12-22,62,4,0.06451612903225806,5.0,0.14705882352941177
2021-12-23,77,8,0.1038961038961039,4.0,0.06451612903225806
2021-12-24,23,2,0.08695652173913043,8.0,0.1038961038961039
2021-12-25,14,1,0.07142857142857142,2.0,0.08695652173913043
2021-12-26,1,0,0.0,1.0,0.07142857142857142
2022-01-09,3,0,0.0,0.0,0.0
2022-01-10,18,-2,-0.1111111111111111,0.0,0.0
2022-01-11,23,0,0.0,-2.0,-0.1111111111111111
2022-01-12,28,1,0.03571428571428571,0.0,0.0
2022-01-13,114,-5,-0.043859649122807015,1.0,0.03571428571428571
2022-01-14,48,6,0.125,-5.0,-0.043859649122807015
2022-01-15,16,-5,-0.3125,6.0,0.125
2022-02-13,5,4,0.8,-5.0,-0.3125
2022-02-14,21,3,0.14285714285714285,4.0,0.8
2022-02-15,27,1,0.037037037037037035,3.0,0.14285714285714285
2022-02-16,30,-5,-0.16666666666666666,1.0,0.037037037037037035
2022-02-17,62,4,0.06451612903225806,-5.0,-0.16666666666666666
2022-02-18,73,5,0.0684931506849315,4.0,0.06451612903225806
2022-02-19,32,-1,-0.03125,5.0,0.0684931506849315
2022-03-06,7,1,0.14285714285714285,-1.0,-0.03125
2022-03-07,76,-1,-0.013157894736842105,1.0,0.14285714285714285
2022-03-08,54,1,0.018518518518518517,-1.0,-0.013157894736842105
2022-03-09,61,3,0.04918032786885246,1.0,0.018518518518518517
2022-03-10,23,0,0.0,3.0,0.04918032786885246
2022-03-11,18,0,0.0,0.0,0.0
2022-03-12,11,0,0.0,0.0,0.0
2022-03-20,9,2,0.2222222222222222,0.0,0.0
2022-03-21,72,16,0.2222222222222222,2.0,0.2222222222222222
2022-03-22,56,15,0.26785714285714285,16.0,0.2222222222222222
2022-03-23,51,5,0.09803921568627451,15.0,0.26785714285714285
2022-03-24,27,4,0.14814814814814814,5.0,0.09803921568627451
2022-03-25,27,2,0.07407407407407407,4.0,0.14814814814814814
2022-03-26,7,1,0.14285714285714285,2.0,0.07407407407407407
2022-03-27,11,1,0.09090909090909091,1.0,0.14285714285714285
2022-03-28,26,6,0.23076923076923078,1.0,0.09090909090909091
2022-03-29,47,19,0.40425531914893614,6.0,0.23076923076923078
2022-03-30,51,3,0.058823529411764705,19.0,0.40425531914893614
2022-03-31,54,9,0.16666666666666666,3.0,0.058823529411764705
2022-04-01,46,1,0.021739130434782608,9.0,0.16666666666666666
2022-04-02,16,0,0.0,1.0,0.021739130434782608
2022-04-03,4,0,0.0,0.0,0.0
2022-04-04,22,4,0.18181818181818182,0.0,0.0
2022-04-05,69,10,0.14492753623188406,4.0,0.18181818181818182
2022-04-06,75,6,0.08,10.0,0.14492753623188406
2022-04-07,36,3,0.08333333333333333,6.0,0.08
2022-04-08,36,2,0.05555555555555555,3.0,0.08333333333333333
2022-04-09,7,2,0.2857142857142857,2.0,0.05555555555555555
2022-04-10,12,1,0.08333333333333333,2.0,0.2857142857142857
2022-04-11,72,15,0.20833333333333334,1.0,0.08333333333333333
2022-04-12,64,1,0.015625,15.0,0.20833333333333334
2022-04-13,31,4,0.12903225806451613,1.0,0.015625
2022-04-14,42,1,0.023809523809523808,4.0,0.12903225806451613
2022-04-15,24,0,0.0,1.0,0.023809523809523808
2022-04-16,5,0,0.0,0.0,0.0
2022-04-17,50,4,0.08,0.0,0.0
2022-04-18,28,3,0.10714285714285714,4.0,0.08
2022-04-19,46,1,0.021739130434782608,3.0,0.10714285714285714
2022-04-20,30,6,0.2,1.0,0.021739130434782608
2022-04-21,36,3,0.08333333333333333,6.0,0.2
2022-04-22,44,5,0.11363636363636363,3.0,0.08333333333333333
2022-04-23,17,2,0.11764705882352941,5.0,0.11363636363636363
2022-04-24,2,0,0.0,2.0,0.11764705882352941
2022-04-25,91,12,0.13186813186813187,0.0,0.0
2022-04-26,34,2,0.058823529411764705,12.0,0.13186813186813187
2022-04-27,31,3,0.0967741935483871,2.0,0.058823529411764705
2022-04-28,30,3,0.1,3.0,0.0967741935483871
2022-04-29,38,0,0.0,3.0,0.1
2022-04-30,24,-4,-0.16666666666666666,0.0,0.0
2022-05-15,2,0,0.0,-4.0,-0.16666666666666666
2022-05-16,48,5,0.10416666666666667,0.0,0.0
2022-05-17,65,3,0.046153846153846156,5.0,0.10416666666666667
2022-05-18,46,2,0.043478260869565216,3.0,0.046153846153846156
2022-05-19,41,6,0.14634146341463414,2.0,0.043478260869565216
2022-05-20,37,3,0.08108108108108109,6.0,0.14634146341463414
2022-05-21,11,0,0.0,3.0,0.08108108108108109
2022-05-22,12,3,0.25,0.0,0.0
2022-05-23,11,4,0.36363636363636365,3.0,0.25
2022-05-24,40,1,0.025,4.0,0.36363636363636365
2022-05-25,58,6,0.10344827586206896,1.0,0.025
2022-05-26,31,-1,-0.03225806451612903,6.0,0.10344827586206896
2022-05-27,79,32,0.4050632911392405,-1.0,-0.03225806451612903
2022-05-28,19,2,0.10526315789473684,32.0,0.4050632911392405
2022-05-29,16,1,0.0625,2.0,0.10526315789473684
2022-05-30,32,3,0.09375,1.0,0.0625
2022-05-31,62,4,0.06451612903225806,3.0,0.09375
2022-06-01,21,1,0.047619047619047616,4.0,0.06451612903225806
2022-06-02,76,6,0.07894736842105263,1.0,0.047619047619047616
2022-06-03,38,1,0.02631578947368421,6.0,0.07894736842105263
2022-06-04,3,0,0.0,1.0,0.02631578947368421
2022-06-05,2,0,0.0,0.0,0.0
2022-06-19,14,1,0.07142857142857142,0.0,0.0
2022-06-20,57,4,0.07017543859649122,1.0,0.07142857142857142
2022-06-21,50,1,0.02,4.0,0.07017543859649122
2022-06-22,44,3,0.06818181818181818,1.0,0.02
2022-06-23,32,4,0.125,3.0,0.06818181818181818
2022-06-24,22,0,0.0,4.0,0.125
2022-06-25,31,3,0.0967741935483871,0.0,0.0
2022-07-03,7,1,0.14285714285714285,3.0,0.0967741935483871
2022-07-04,28,0,0.0,1.0,0.14285714285714285
2022-07-05,22,3,0.13636363636363635,0.0,0.0
2022-07-06,61,1,0.01639344262295082,3.0,0.13636363636363635
2022-07-07,48,2,0.041666666666666664,1.0,0.01639344262295082
2022-07-08,60,6,0.1,2.0,0.041666666666666664
2022-07-09,22,10,0.45454545454545453,6.0,0.1
2022-07-10,31,2,0.06451612903225806,10.0,0.45454545454545453
2022-07-11,34,3,0.08823529411764706,2.0,0.06451612903225806
2022-07-12,28,0,0.0,3.0,0.08823529411764706
2022-07-13,41,5,0.12195121951219512,0.0,0.0
2022-07-14,27,1,0.037037037037037035,5.0,0.12195121951219512
2022-07-15,66,3,0.045454545454545456,1.0,0.037037037037037035
2022-07-16,24,2,0.08333333333333333,3.0,0.045454545454545456
2022-07-17,18,2,0.1111111111111111,2.0,0.08333333333333333
2022-07-18,57,5,0.08771929824561403,2.0,0.1111111111111111
2022-07-19,56,0,0.0,5.0,0.08771929824561403
2022-07-20,29,1,0.034482758620689655,0.0,0.0
2022-07-21,46,3,0.06521739130434782,1.0,0.034482758620689655
2022-07-22,30,5,0.16666666666666666,3.0,0.06521739130434782
2022-07-23,15,0,0.0,5.0,0.16666666666666666
2022-07-31,3,1,0.3333333333333333,0.0,0.0
2022-08-01,98,33,0.336734693877551,1.0,0.3333333333333333
2022-08-02,52,9,0.17307692307692307,33.0,0.336734693877551
2022-08-03,25,3,0.12,9.0,0.17307692307692307
2022-08-04,35,3,0.08571428571428572,3.0,0.12
2022-08-05,31,4,0.12903225806451613,3.0,0.08571428571428572
2022-08-06,6,0,0.0,4.0,0.12903225806451613
2022-08-07,1,0,0.0,0.0,0.0
2022-08-08,13,2,0.15384615384615385,0.0,0.0
2022-08-09,80,7,0.0875,2.0,0.15384615384615385
2022-08-10,68,2,0.029411764705882353,7.0,0.0875
2022-08-11,41,1,0.024390243902439025,2.0,0.029411764705882353
2022-08-12,30,1,0.03333333333333333,1.0,0.024390243902439025
2022-08-13,16,-2,-0.125,1.0,0.03333333333333333
2022-08-14,1,0,0.0,-2.0,-0.125
2022-08-21,20,2,0.1,0.0,0.0
2022-08-22,58,2,0.034482758620689655,2.0,0.1
2022-08-23,27,0,0.0,2.0,0.034482758620689655
2022-08-24,54,4,0.07407407407407407,0.0,0.0
2022-08-25,66,-3,-0.045454545454545456,4.0,0.07407407407407407
2022-08-26,14,-1,-0.07142857142857142,-3.0,-0.045454545454545456
2022-08-27,11,1,0.09090909090909091,-1.0,-0.07142857142857142
2022-08-28,25,2,0.08,1.0,0.09090909090909091
2022-08-29,48,0,0.0,2.0,0.08
2022-08-30,32,3,0.09375,0.0,0.0
2022-08-31,25,3,0.12,3.0,0.09375
2022-09-01,25,-1,-0.04,3.0,0.12
2022-09-02,52,3,0.057692307692307696,-1.0,-0.04
2022-09-03,42,2,0.047619047619047616,3.0,0.057692307692307696
2022-09-04,12,0,0.0,2.0,0.047619047619047616
2022-09-05,72,1,0.013888888888888888,0.0,0.0
2022-09-06,53,5,0.09433962264150944,1.0,0.013888888888888888
2022-09-07,29,0,0.0,5.0,0.09433962264150944
2022-09-08,47,7,0.14893617021276595,0.0,0.0
2022-09-09,19,1,0.05263157894736842,7.0,0.14893617021276595
2022-09-10,18,0,0.0,1.0,0.05263157894736842
2022-09-11,18,0,0.0,0.0,0.0
2022-09-12,35,7,0.2,0.0,0.0
2022-09-13,37,3,0.08108108108108109,7.0,0.2
2022-09-14,52,3,0.057692307692307696,3.0,0.08108108108108109
2022-09-15,53,2,0.03773584905660377,3.0,0.057692307692307696
2022-09-16,37,6,0.16216216216216217,2.0,0.03773584905660377
2022-09-17,19,0,0.0,6.0,0.16216216216216217
2022-09-18,10,3,0.3,0.0,0.0
2022-09-19,15,2,0.13333333333333333,3.0,0.3
2022-09-20,36,11,0.3055555555555556,2.0,0.13333333333333333
2022-09-21,43,5,0.11627906976744186,11.0,0.3055555555555556
2022-09-22,59,14,0.23728813559322035,5.0,0.11627906976744186
2022-09-23,74,6,0.08108108108108109,14.0,0.23728813559322035
2022-09-24,13,2,0.15384615384615385,6.0,0.08108108108108109
2022-10-02,3,0,0.0,2.0,0.15384615384615385
2022-10-03,10,0,0.0,0.0,0.0
2022-10-04,32,2,0.0625,0.0,0.0
2022-10-05,71,6,0.08450704225352113,2.0,0.0625
2022-10-06,102,3,0.029411764705882353,6.0,0.08450704225352113
2022-10-07,26,0,0.0,3.0,0.029411764705882353
2022-10-08,6,0,0.0,0.0,0.0
2022-10-09,11,0,0.0,0.0,0.0
2022-10-10,50,5,0.1,0.0,0.0
2022-10-11,58,3,0.05172413793103448,5.0,0.1
2022-10-12,47,2,0.0425531914893617,3.0,0.05172413793103448
2022-10-13,33,5,0.15151515151515152,2.0,0.0425531914893617
2022-10-14,32,3,0.09375,5.0,0.15151515151515152
2022-10-15,19,1,0.05263157894736842,3.0,0.09375
2022-11-13,15,1,0.06666666666666667,1.0,0.05263157894736842
2022-11-14,39,2,0.05128205128205128,1.0,0.06666666666666667
2022-11-15,33,11,0.3333333333333333,2.0,0.05128205128205128
2022-11-16,45,16,0.35555555555555557,11.0,0.3333333333333333
2022-11-17,55,18,0.32727272727272727,16.0,0.35555555555555557
2022-11-18,58,2,0.034482758620689655,18.0,0.32727272727272727
2022-11-19,5,1,0.2,2.0,0.034482758620689655
2022-11-20,9,0,0.0,1.0,0.2
2022-11-21,23,1,0.043478260869565216,0.0,0.0
2022-11-22,36,1,0.027777777777777776,1.0,0.043478260869565216
2022-11-23,55,4,0.07272727272727272,1.0,0.027777777777777776
2022-11-24,39,4,0.10256410256410256,4.0,0.07272727272727272
2022-11-25,30,-1,-0.03333333333333333,4.0,0.10256410256410256
2022-11-26,56,1,0.017857142857142856,-1.0,-0.03333333333333333
2022-11-27,39,0,0.0,1.0,0.017857142857142856
2022-11-28,45,-1,-0.022222222222222223,0.0,0.0
2022-11-29,23,1,0.043478260869565216,-1.0,-0.022222222222222223
2022-11-30,31,5,0.16129032258064516,1.0,0.043478260869565216
2022-12-01,38,9,0.23684210526315788,5.0,0.16129032258064516
2022-12-02,47,5,0.10638297872340426,9.0,0.23684210526315788
2022-12-03,29,1,0.034482758620689655,5.0,0.10638297872340426
2022-12-04,26,1,0.038461538461538464,1.0,0.034482758620689655
2022-12-05,63,2,0.031746031746031744,1.0,0.038461538461538464
2022-12-06,42,3,0.07142857142857142,2.0,0.031746031746031744
2022-12-07,32,2,0.0625,3.0,0.07142857142857142
2022-12-08,40,11,0.275,2.0,0.0625
2022-12-09,39,12,0.3076923076923077,11.0,0.275
2022-12-10,5,1,0.2,12.0,0.3076923076923077
2022-12-11,3,0,0.0,1.0,0.2
2022-12-18,18,5,0.2777777777777778,0.0,0.0
2022-12-19,31,6,0.1935483870967742,5.0,0.2777777777777778
2022-12-20,52,4,0.07692307692307693,6.0,0.1935483870967742
2022-12-21,47,6,0.1276595744680851,4.0,0.07692307692307693
2022-12-22,48,3,0.0625,6.0,0.1276595744680851
2022-12-23,43,1,0.023255813953488372,3.0,0.0625
2022-12-24,11,2,0.18181818181818182,1.0,0.023255813953488372
2022-12-25,50,0,0.0,2.0,0.18181818181818182
2022-12-26,25,1,0.04,0.0,0.0
2022-12-27,51,7,0.13725490196078433,1.0,0.04
2022-12-28,41,0,0.0,7.0,0.13725490196078433
2022-12-29,43,0,0.0,0.0,0.0
2022-12-30,23,0,0.0,0.0,0.0
2022-12-31,17,0,0.0,0.0,0.0
2023-01-08,4,0,0.0,0.0,0.0
2023-01-09,12,0,0.0,0.0,0.0
2023-01-10,54,1,0.018518518518518517,0.0,0.0
2023-01-11,47,4,0.0851063829787234,1.0,0.018518518518518517
2023-01-12,76,6,0.07894736842105263,4.0,0.0851063829787234
2023-01-13,38,2,0.05263157894736842,6.0,0.07894736842105263
2023-01-14,19,0,0.0,2.0,0.05263157894736842
2023-01-15,40,-2,-0.05,0.0,0.0
2023-01-16,38,1,0.02631578947368421,-2.0,-0.05
2023-01-17,42,4,0.09523809523809523,1.0,0.02631578947368421
2023-01-18,37,6,0.16216216216216217,4.0,0.09523809523809523
2023-01-19,42,0,0.0,6.0,0.16216216216216217
2023-01-20,34,1,0.029411764705882353,0.0,0.0
2023-01-21,17,1,0.058823529411764705,1.0,0.029411764705882353
2023-02-05,51,1,0.0196078431372549,1.0,0.058823529411764705
2023-02-06,55,0,0.0,1.0,0.0196078431372549
2023-02-07,40,4,0.1,0.0,0.0
2023-02-08,26,0,0.0,4.0,0.1
2023-02-09,25,1,0.04,0.0,0.0
2023-02-10,43,2,0.046511627906976744,1.0,0.04
2023-02-11,9,1,0.1111111111111111,2.0,0.046511627906976744
2023-02-12,17,4,0.23529411764705882,1.0,0.1111111111111111
2023-02-13,36,4,0.1111111111111111,4.0,0.23529411764705882
2023-02-14,46,4,0.08695652173913043,4.0,0.1111111111111111
2023-02-15,65,-1,-0.015384615384615385,4.0,0.08695652173913043
2023-02-16,37,3,0.08108108108108109,-1.0,-0.015384615384615385
2023-02-17,33,0,0.0,3.0,0.08108108108108109
2023-02-18,17,1,0.058823529411764705,0.0,0.0
2023-03-05,6,0,0.0,1.0,0.058823529411764705
2023-03-06,33,6,0.18181818181818182,0.0,0.0
2023-03-07,45,2,0.044444444444444446,6.0,0.18181818181818182
2023-03-08,63,-9,-0.14285714285714285,2.0,0.044444444444444446
2023-03-09,75,10,0.13333333333333333,-9.0,-0.14285714285714285
2023-03-10,15,1,0.06666666666666667,10.0,0.13333333333333333
2023-03-11,13,1,0.07692307692307693,1.0,0.06666666666666667
2023-03-12,43,7,0.16279069767441862,1.0,0.07692307692307693
2023-03-13,69,5,0.07246376811594203,7.0,0.16279069767441862
2023-03-14,23,0,0.0,5.0,0.07246376811594203
2023-03-15,53,7,0.1320754716981132,0.0,0.0
2023-03-16,29,0,0.0,7.0,0.1320754716981132
2023-03-17,17,1,0.058823529411764705,0.0,0.0
2023-03-18,14,0,0.0,1.0,0.058823529411764705
2023-03-19,2,2,1.0,0.0,0.0
2023-03-26,22,1,0.045454545454545456,2.0,1.0
2023-03-27,17,0,0.0,1.0,0.045454545454545456
2023-03-28,51,6,0.11764705882352941,0.0,0.0
2023-03-29,61,2,0.03278688524590164,6.0,0.11764705882352941
2023-03-30,31,1,0.03225806451612903,2.0,0.03278688524590164
2023-03-31,52,0,0.0,1.0,0.03225806451612903
2023-04-01,16,0,0.0,0.0,0.0
2023-04-02,27,0,0.0,0.0,0.0
2023-04-03,64,4,0.0625,0.0,0.0
2023-04-04,35,6,0.17142857142857143,4.0,0.0625
2023-04-05,35,2,0.05714285714285714,6.0,0.17142857142857143
2023-04-06,22,1,0.045454545454545456,2.0,0.05714285714285714
2023-04-07,46,5,0.10869565217391304,1.0,0.045454545454545456
2023-04-08,21,1,0.047619047619047616,5.0,0.10869565217391304
2023-04-09,9,0,0.0,1.0,0.047619047619047616
2023-04-10,23,0,0.0,0.0,0.0
2023-04-11,51,2,0.0392156862745098,0.0,0.0
2023-04-12,48,2,0.041666666666666664,2.0,0.0392156862745098
2023-04-13,57,19,0.3333333333333333,2.0,0.041666666666666664
2023-04-14,42,9,0.21428571428571427,19.0,0.3333333333333333
2023-04-15,20,2,0.1,9.0,0.21428571428571427
2023-04-30,38,1,0.02631578947368421,2.0,0.1
2023-05-01,19,0,0.0,1.0,0.02631578947368421
2023-05-02,55,4,0.07272727272727272,0.0,0.0
2023-05-03,59,10,0.1694915254237288,4.0,0.07272727272727272
2023-05-04,26,3,0.11538461538461539,10.0,0.1694915254237288
2023-05-05,34,6,0.17647058823529413,3.0,0.11538461538461539
2023-05-06,16,3,0.1875,6.0,0.17647058823529413
2023-05-07,3,0,0.0,3.0,0.1875
2023-05-21,30,4,0.13333333333333333,0.0,0.0
2023-05-22,71,-1,-0.014084507042253521,4.0,0.13333333333333333
2023-05-23,45,6,0.13333333333333333,-1.0,-0.014084507042253521
2023-05-24,26,2,0.07692307692307693,6.0,0.13333333333333333
2023-05-25,33,-1,-0.030303030303030304,2.0,0.07692307692307693
2023-05-26,38,0,0.0,-1.0,-0.030303030303030304
2023-05-27,7,0,0.0,0.0,0.0
2023-05-28,32,0,0.0,0.0,0.0
2023-05-29,35,6,0.17142857142857143,0.0,0.0
2023-05-30,53,7,0.1320754716981132,6.0,0.17142857142857143
2023-05-31,42,1,0.023809523809523808,7.0,0.1320754716981132
2023-06-01,33,2,0.06060606060606061,1.0,0.023809523809523808
2023-06-02,27,0,0.0,2.0,0.06060606060606061
2023-06-03,28,0,0.0,0.0,0.0
2023-06-04,35,-6,-0.17142857142857143,0.0,0.0
2023-06-05,31,2,0.06451612903225806,-6.0,-0.17142857142857143
2023-06-06,23,8,0.34782608695652173,2.0,0.06451612903225806
2023-06-07,31,1,0.03225806451612903,8.0,0.34782608695652173
2023-06-08,57,-7,-0.12280701754385964,1.0,0.03225806451612903
2023-06-09,56,-1,-0.017857142857142856,-7.0,-0.12280701754385964
2023-06-10,17,3,0.17647058823529413,-1.0,-0.017857142857142856
2023-06-11,25,1,0.04,3.0,0.17647058823529413
2023-06-12,50,1,0.02,1.0,0.04
2023-06-13,30,-1,-0.03333333333333333,1.0,0.02
2023-06-14,16,-1,-0.0625,-1.0,-0.03333333333333333
2023-06-15,37,0,0.0,-1.0,-0.0625
2023-06-16,38,-1,-0.02631578947368421,0.0,0.0
2023-06-17,54,-2,-0.037037037037037035,-1.0,-0.02631578947368421
2023-06-18,4,0,0.0,-2.0,-0.037037037037037035
2023-06-19,27,0,0.0,0.0,0.0
2023-06-20,31,1,0.03225806451612903,0.0,0.0
2023-06-21,57,0,0.0,1.0,0.03225806451612903
2023-06-22,31,3,0.0967741935483871,0.0,0.0
2023-06-23,84,2,0.023809523809523808,3.0,0.0967741935483871
2023-06-24,15,7,0.4666666666666667,2.0,0.023809523809523808
2023-06-25,30,3,0.1,7.0,0.4666666666666667
2023-06-26,47,1,0.02127659574468085,3.0,0.1
2023-06-27,35,1,0.02857142857142857,1.0,0.02127659574468085
2023-06-28,43,4,0.09302325581395349,1.0,0.02857142857142857
2023-06-29,44,8,0.18181818181818182,4.0,0.09302325581395349
2023-06-30,36,2,0.05555555555555555,8.0,0.18181818181818182
2023-07-01,15,0,0.0,2.0,0.05555555555555555
2023-07-02,1,0,0.0,0.0,0.0
2023-07-09,14,0,0.0,0.0,0.0
2023-07-10,16,0,0.0,0.0,0.0
2023-07-11,46,4,0.08695652173913043,0.0,0.0
2023-07-12,49,0,0.0,4.0,0.08695652173913043
2023-07-13,53,-1,-0.018867924528301886,0.0,0.0
2023-07-14,37,4,0.10810810810810811,-1.0,-0.018867924528301886
2023-07-15,34,0,0.0,4.0,0.10810810810810811
2023-07-16,1,0,0.0,0.0,0.0
2023-07-23,25,1,0.04,0.0,0.0
2023-07-24,50,3,0.06,1.0,0.04
2023-07-25,39,1,0.02564102564102564,3.0,0.06
2023-07-26,26,3,0.11538461538461539,1.0,0.02564102564102564
2023-07-27,59,4,0.06779661016949153,3.0,0.11538461538461539
2023-07-28,39,3,0.07692307692307693,4.0,0.06779661016949153
2023-07-29,12,0,0.0,3.0,0.07692307692307693
2023-08-06,28,1,0.03571428571428571,0.0,0.0
2023-08-07,31,3,0.0967741935483871,1.0,0.03571428571428571
2023-08-08,24,0,0.0,3.0,0.0967741935483871
2023-08-09,34,0,0.0,0.0,0.0
2023-08-10,27,-1,-0.037037037037037035,0.0,0.0
2023-08-11,49,6,0.12244897959183673,-1.0,-0.037037037037037035
2023-08-12,53,2,0.03773584905660377,6.0,0.12244897959183673
2023-08-13,24,0,0.0,2.0,0.03773584905660377
2023-08-14,43,1,0.023255813953488372,0.0,0.0
2023-08-15,54,13,0.24074074074074073,1.0,0.023255813953488372
2023-08-16,30,6,0.2,13.0,0.24074074074074073
2023-08-17,37,5,0.13513513513513514,6.0,0.2
2023-08-18,45,1,0.022222222222222223,5.0,0.13513513513513514
2023-08-19,21,5,0.23809523809523808,1.0,0.022222222222222223
2023-09-03,13,0,0.0,5.0,0.23809523809523808
2023-09-04,30,4,0.13333333333333333,0.0,0.0
2023-09-05,20,0,0.0,4.0,0.13333333333333333
2023-09-06,45,23,0.5111111111111111,0.0,0.0
2023-09-07,78,25,0.32051282051282054,23.0,0.5111111111111111
2023-09-08,44,13,0.29545454545454547,25.0,0.32051282051282054
2023-09-09,19,2,0.10526315789473684,13.0,0.29545454545454547
2023-09-10,13,0,0.0,2.0,0.10526315789473684
2023-09-11,47,3,0.06382978723404255,0.0,0.0
2023-09-12,73,3,0.0410958904109589,3.0,0.06382978723404255
2023-09-13,28,0,0.0,3.0,0.0410958904109589
2023-09-14,57,9,0.15789473684210525,0.0,0.0
2023-09-15,16,2,0.125,9.0,0.15789473684210525
2023-09-16,16,4,0.25,2.0,0.125
2023-09-17,35,5,0.14285714285714285,4.0,0.25
2023-09-18,60,7,0.11666666666666667,5.0,0.14285714285714285
2023-09-19,45,3,0.06666666666666667,7.0,0.11666666666666667
2023-09-20,34,3,0.08823529411764706,3.0,0.06666666666666667
2023-09-21,32,1,0.03125,3.0,0.08823529411764706
2023-09-22,18,3,0.16666666666666666,1.0,0.03125
2023-09-23,27,1,0.037037037037037035,3.0,0.16666666666666666
2023-09-24,14,2,0.14285714285714285,1.0,0.037037037037037035
2023-09-25,76,33,0.4342105263157895,2.0,0.14285714285714285
2023-09-26,67,9,0.13432835820895522,33.0,0.4342105263157895
2023-09-27,30,2,0.06666666666666667,9.0,0.13432835820895522
2023-09-28,21,3,0.14285714285714285,2.0,0.06666666666666667
2023-09-29,27,4,0.14814814814814814,3.0,0.14285714285714285
2023-09-30,14,-1,-0.07142857142857142,4.0,0.14814814814814814
2023-10-01,21,2,0.09523809523809523,-1.0,-0.07142857142857142
2023-10-02,44,5,0.11363636363636363,2.0,0.09523809523809523
2023-10-03,68,1,0.014705882352941176,5.0,0.11363636363636363
2023-10-04,29,1,0.034482758620689655,1.0,0.014705882352941176
2023-10-05,42,-1,-0.023809523809523808,1.0,0.034482758620689655
2023-10-06,33,10,0.30303030303030304,-1.0,-0.023809523809523808
2023-10-07,14,3,0.21428571428571427,10.0,0.30303030303030304
2023-10-29,21,2,0.09523809523809523,3.0,0.21428571428571427
2023-10-30,20,1,0.05,2.0,0.09523809523809523
2023-10-31,37,7,0.1891891891891892,1.0,0.05
2023-11-01,52,31,0.5961538461538461,7.0,0.1891891891891892
2023-11-02,34,22,0.6470588235294118,31.0,0.5961538461538461
2023-11-03,48,13,0.2708333333333333,22.0,0.6470588235294118
2023-11-04,38,4,0.10526315789473684,13.0,0.2708333333333333
2023-11-12,6,0,0.0,4.0,0.10526315789473684
2023-11-13,15,0,0.0,0.0,0.0
2023-11-14,71,18,0.2535211267605634,0.0,0.0
2023-11-15,38,5,0.13157894736842105,18.0,0.2535211267605634
2023-11-16,34,16,0.47058823529411764,5.0,0.13157894736842105
2023-11-17,64,10,0.15625,16.0,0.47058823529411764
2023-11-18,20,1,0.05,10.0,0.15625
2023-11-19,2,1,0.5,1.0,0.05
2023-12-03,14,1,0.07142857142857142,1.0,0.5
2023-12-04,38,5,0.13157894736842105,1.0,0.07142857142857142
2023-12-05,38,0,0.0,5.0,0.13157894736842105
2023-12-06,58,10,0.1724137931034483,0.0,0.0
2023-12-07,48,12,0.25,10.0,0.1724137931034483
2023-12-08,33,2,0.06060606060606061,12.0,0.25
2023-12-09,21,9,0.42857142857142855,2.0,0.06060606060606061
2023-12-10,12,2,0.16666666666666666,9.0,0.42857142857142855
2023-12-11,35,1,0.02857142857142857,2.0,0.16666666666666666
2023-12-12,47,3,0.06382978723404255,1.0,0.02857142857142857
2023-12-13,42,6,0.14285714285714285,3.0,0.06382978723404255
2023-12-14,55,9,0.16363636363636364,6.0,0.14285714285714285
2023-12-15,51,8,0.1568627450980392,9.0,0.16363636363636364
2023-12-16,7,0,0.0,8.0,0.1568627450980392
2023-12-17,18,0,0.0,0.0,0.0
2023-12-18,40,2,0.05,0.0,0.0
2023-12-19,40,5,0.125,2.0,0.05
2023-12-20,51,5,0.09803921568627451,5.0,0.125
2023-12-21,35,5,0.14285714285714285,5.0,0.09803921568627451
2023-12-22,39,10,0.2564102564102564,5.0,0.14285714285714285
2023-12-23,28,5,0.17857142857142858,10.0,0.2564102564102564
2023-12-24,8,0,0.0,5.0,0.17857142857142858
2023-12-25,13,1,0.07692307692307693,0.0,0.0
2023-12-26,45,3,0.06666666666666667,1.0,0.07692307692307693
2023-12-27,88,4,0.045454545454545456,3.0,0.06666666666666667
2023-12-28,58,17,0.29310344827586204,4.0,0.045454545454545456
2023-12-29,26,0,0.0,17.0,0.29310344827586204
2023-12-30,12,0,0.0,0.0,0.0
2024-01-14,12,2,0.16666666666666666,0.0,0.0
2024-01-15,43,3,0.06976744186046512,2.0,0.16666666666666666
2024-01-16,15,2,0.13333333333333333,3.0,0.06976744186046512
2024-01-17,68,11,0.16176470588235295,2.0,0.13333333333333333
2024-01-18,46,9,0.1956521739130435,11.0,0.16176470588235295
2024-01-19,25,0,0.0,9.0,0.1956521739130435
2024-01-20,41,2,0.04878048780487805,0.0,0.0
2024-01-21,18,0,0.0,2.0,0.04878048780487805
2024-01-22,39,1,0.02564102564102564,0.0,0.0
2024-01-23,31,4,0.12903225806451613,1.0,0.02564102564102564
2024-01-24,17,1,0.058823529411764705,4.0,0.12903225806451613
2024-01-25,25,2,0.08,1.0,0.058823529411764705
2024-01-26,50,2,0.04,2.0,0.08
2024-01-27,65,13,0.2,2.0,0.04
2024-01-28,5,3,0.6,13.0,0.2
2024-02-11,11,2,0.18181818181818182,3.0,0.6
2024-02-12,37,1,0.02702702702702703,2.0,0.18181818181818182
2024-02-13,48,2,0.041666666666666664,1.0,0.02702702702702703
2024-02-14,39,1,0.02564102564102564,2.0,0.041666666666666664
2024-02-15,43,9,0.20930232558139536,1.0,0.02564102564102564
2024-02-16,53,4,0.07547169811320754,9.0,0.20930232558139536
2024-02-17,19,2,0.10526315789473684,4.0,0.07547169811320754
2024-02-18,12,0,0.0,2.0,0.10526315789473684
2024-02-19,34,12,0.35294117647058826,0.0,0.0
2024-02-20,83,23,0.27710843373493976,12.0,0.35294117647058826
2024-02-21,23,0,0.0,23.0,0.27710843373493976
2024-02-22,22,5,0.22727272727272727,0.0,0.0
2024-02-23,35,22,0.6285714285714286,5.0,0.22727272727272727
2024-02-24,41,12,0.2926829268292683,22.0,0.6285714285714286
2024-02-25,40,10,0.25,12.0,0.2926829268292683
2024-02-26,48,8,0.16666666666666666,10.0,0.25
2024-02-27,31,12,0.3870967741935484,8.0,0.16666666666666666
2024-02-28,36,11,0.3055555555555556,12.0,0.3870967741935484
2024-02-29,56,18,0.32142857142857145,11.0,0.3055555555555556
2024-03-01,22,3,0.13636363636363635,18.0,0.32142857142857145
2024-03-02,16,1,0.0625,3.0,0.13636363636363635
2024-03-03,1,0,0.0,1.0,0.0625
2024-03-10,15,3,0.2,0.0,0.0
2024-03-11,33,6,0.18181818181818182,3.0,0.2
2024-03-12,72,10,0.1388888888888889,6.0,0.18181818181818182
2024-03-13,35,4,0.11428571428571428,10.0,0.1388888888888889
2024-03-14,43,2,0.046511627906976744,4.0,0.11428571428571428
2024-03-15,40,1,0.025,2.0,0.046511627906976744
2024-03-16,12,2,0.16666666666666666,1.0,0.025
2024-03-17,23,2,0.08695652173913043,2.0,0.16666666666666666
2024-03-18,32,-1,-0.03125,2.0,0.08695652173913043
2024-03-19,35,4,0.11428571428571428,-1.0,-0.03125
2024-03-20,51,9,0.17647058823529413,4.0,0.11428571428571428
2024-03-21,33,3,0.09090909090909091,9.0,0.17647058823529413
2024-03-22,50,5,0.1,3.0,0.09090909090909091
2024-03-23,26,4,0.15384615384615385,5.0,0.1
2024-03-24,13,1,0.07692307692307693,4.0,0.15384615384615385
2024-03-25,22,2,0.09090909090909091,1.0,0.07692307692307693
2024-03-26,52,6,0.11538461538461539,2.0,0.09090909090909091
2024-03-27,77,11,0.14285714285714285,6.0,0.11538461538461539
2024-03-28,48,8,0.16666666666666666,11.0,0.14285714285714285
2024-03-29,25,3,0.12,8.0,0.16666666666666666
2024-03-30,12,1,0.08333333333333333,3.0,0.12
2024-03-31,1,1,1.0,1.0,0.08333333333333333
2024-04-14,10,1,0.1,1.0,1.0
2024-04-15,12,5,0.4166666666666667,1.0,0.1
2024-04-16,52,15,0.28846153846153844,5.0,0.4166666666666667
2024-04-17,56,25,0.44642857142857145,15.0,0.28846153846153844
2024-04-18,76,21,0.27631578947368424,25.0,0.44642857142857145
2024-04-19,34,13,0.38235294117647056,21.0,0.27631578947368424
2024-04-20,10,4,0.4,13.0,0.38235294117647056
2024-04-28,26,0,0.0,4.0,0.4
2024-04-29,32,4,0.125,0.0,0.0
2024-04-30,49,4,0.08163265306122448,4.0,0.125
2024-05-01,20,2,0.1,4.0,0.08163265306122448
2024-05-02,45,9,0.2,2.0,0.1
2024-05-03,43,13,0.3023255813953488,9.0,0.2
2024-05-04,35,10,0.2857142857142857,13.0,0.3023255813953488
2024-05-05,24,4,0.16666666666666666,10.0,0.2857142857142857
2024-05-06,33,2,0.06060606060606061,4.0,0.16666666666666666
2024-05-07,59,7,0.11864406779661017,2.0,0.06060606060606061
2024-05-08,58,6,0.10344827586206896,7.0,0.11864406779661017
2024-05-09,28,2,0.07142857142857142,6.0,0.10344827586206896
2024-05-10,31,8,0.25806451612903225,2.0,0.07142857142857142
2024-05-11,17,2,0.11764705882352941,8.0,0.25806451612903225
2024-05-19,31,1,0.03225806451612903,2.0,0.11764705882352941
2024-05-20,40,3,0.075,1.0,0.03225806451612903
2024-05-21,50,2,0.04,3.0,0.075
2024-05-22,31,3,0.0967741935483871,2.0,0.04
2024-05-23,45,9,0.2,3.0,0.0967741935483871
2024-05-24,30,5,0.16666666666666666,9.0,0.2
2024-05-25,21,3,0.14285714285714285,5.0,0.16666666666666666
2024-05-26,2,0,0.0,3.0,0.14285714285714285
2024-06-09,15,2,0.13333333333333333,0.0,0.0
2024-06-10,20,7,0.35,2.0,0.13333333333333333
2024-06-11,9,0,0.0,7.0,0.35
2024-06-12,45,5,0.1111111111111111,0.0,0.0
2024-06-13,73,5,0.0684931506849315,5.0,0.1111111111111111
2024-06-14,68,5,0.07352941176470588,5.0,0.0684931506849315
2024-06-15,20,0,0.0,5.0,0.07352941176470588
2024-06-16,9,1,0.1111111111111111,0.0,0.0
2024-06-17,26,1,0.038461538461538464,1.0,0.1111111111111111
2024-06-18,44,2,0.045454545454545456,1.0,0.038461538461538464
2024-06-19,25,2,0.08,2.0,0.045454545454545456
2024-06-20,98,9,0.09183673469387756,2.0,0.08
2024-06-21,37,2,0.05405405405405406,9.0,0.09183673469387756
2024-06-22,11,0,0.0,2.0,0.05405405405405406
2024-06-23,10,0,0.0,0.0,0.0
2024-06-24,49,9,0.1836734693877551,0.0,0.0
2024-06-25,20,15,0.75,9.0,0.1836734693877551
2024-06-26,41,11,0.2682926829268293,15.0,0.75
2024-06-27,40,4,0.1,11.0,0.2682926829268293
2024-06-28,26,2,0.07692307692307693,4.0,0.1
2024-06-29,57,3,0.05263157894736842,2.0,0.07692307692307693
2024-06-30,7,0,0.0,3.0,0.05263157894736842
2024-07-14,8,1,0.125,0.0,0.0
2024-07-15,24,0,0.0,1.0,0.125
2024-07-16,28,1,0.03571428571428571,0.0,0.0
2024-07-17,24,2,0.08333333333333333,1.0,0.03571428571428571
2024-07-18,59,7,0.11864406779661017,2.0,0.08333333333333333
2024-07-19,46,3,0.06521739130434782,7.0,0.11864406779661017
2024-07-20,56,7,0.125,3.0,0.06521739130434782
2024-07-21,5,1,0.2,7.0,0.125
2024-07-28,13,0,0.0,1.0,0.2
2024-07-29,35,1,0.02857142857142857,0.0,0.0
2024-07-30,58,3,0.05172413793103448,1.0,0.02857142857142857
2024-07-31,43,4,0.09302325581395349,3.0,0.05172413793103448
2024-08-01,36,5,0.1388888888888889,4.0,0.09302325581395349
2024-08-02,46,5,0.10869565217391304,5.0,0.1388888888888889
2024-08-03,19,0,0.0,5.0,0.10869565217391304
2024-08-04,40,1,0.025,0.0,0.0
2024-08-05,21,3,0.14285714285714285,1.0,0.025
2024-08-06,47,1,0.02127659574468085,3.0,0.14285714285714285
2024-08-07,44,2,0.045454545454545456,1.0,0.02127659574468085
2024-08-08,41,-1,-0.024390243902439025,2.0,0.045454545454545456
2024-08-09,49,1,0.02040816326530612,-1.0,-0.024390243902439025
2024-08-10,8,0,0.0,1.0,0.02040816326530612
2024-08-11,24,2,0.08333333333333333,0.0,0.0
2024-08-12,44,4,0.09090909090909091,2.0,0.08333333333333333
2024-08-13,40,4,0.1,4.0,0.09090909090909091
2024-08-14,44,7,0.1590909090909091,4.0,0.1
2024-08-15,42,1,0.023809523809523808,7.0,0.1590909090909091
2024-08-16,41,5,0.12195121951219512,1.0,0.023809523809523808
2024-08-17,15,2,0.13333333333333333,5.0,0.12195121951219512
2024-09-15,22,0,0.0,2.0,0.13333333333333333
2024-09-16,24,3,0.125,0.0,0.0
2024-09-17,33,-1,-0.030303030303030304,3.0,0.125
2024-09-18,39,0,0.0,-1.0,-0.030303030303030304
2024-09-19,46,4,0.08695652173913043,0.0,0.0
2024-09-20,57,4,0.07017543859649122,4.0,0.08695652173913043
2024-09-21,28,0,0.0,4.0,0.07017543859649122
2024-09-22,18,1,0.05555555555555555,0.0,0.0
2024-09-23,26,3,0.11538461538461539,1.0,0.05555555555555555
2024-09-24,37,-6,-0.16216216216216217,3.0,0.11538461538461539
2024-09-25,45,6,0.13333333333333333,-6.0,-0.16216216216216217
2024-09-26,52,19,0.36538461538461536,6.0,0.13333333333333333
2024-09-27,35,3,0.08571428571428572,19.0,0.36538461538461536
2024-09-28,37,24,0.6486486486486487,3.0,0.08571428571428572
2024-09-29,11,1,0.09090909090909091,24.0,0.6486486486486487
2024-09-30,22,-1,-0.045454545454545456,1.0,0.09090909090909091
2024-10-01,12,4,0.3333333333333333,-1.0,-0.045454545454545456
2024-10-02,52,6,0.11538461538461539,4.0,0.3333333333333333
2024-10-03,61,8,0.13114754098360656,6.0,0.11538461538461539
2024-10-04,64,17,0.265625,8.0,0.13114754098360656
2024-10-05,27,1,0.037037037037037035,17.0,0.265625
2024-10-06,2,1,0.5,1.0,0.037037037037037035
2024-10-13,31,14,0.45161290322580644,1.0,0.5
2024-10-14,51,11,0.21568627450980393,14.0,0.45161290322580644
2024-10-15,43,1,0.023255813953488372,11.0,0.21568627450980393
2024-10-16,22,2,0.09090909090909091,1.0,0.023255813953488372
2024-10-17,68,4,0.058823529411764705,2.0,0.09090909090909091
2024-10-18,27,9,0.3333333333333333,4.0,0.058823529411764705
2024-10-19,8,1,0.125,9.0,0.3333333333333333
2024-10-20,34,0,0.0,1.0,0.125
2024-10-21,50,3,0.06,0.0,0.0
2024-10-22,59,8,0.13559322033898305,3.0,0.06
2024-10-23,31,5,0.16129032258064516,8.0,0.13559322033898305
2024-10-24,23,1,0.043478260869565216,5.0,0.16129032258064516
2024-10-25,41,10,0.24390243902439024,1.0,0.043478260869565216
2024-10-26,12,0,0.0,10.0,0.24390243902439024
2024-10-27,32,4,0.125,0.0,0.0
2024-10-28,52,5,0.09615384615384616,4.0,0.125
2024-10-29,27,4,0.14814814814814814,5.0,0.09615384615384616
2024-10-30,29,9,0.3103448275862069,4.0,0.14814814814814814
2024-10-31,51,5,0.09803921568627451,9.0,0.3103448275862069
2024-11-01,41,10,0.24390243902439024,5.0,0.09803921568627451
2024-11-02,16,3,0.1875,10.0,0.24390243902439024
2024-11-03,24,4,0.16666666666666666,3.0,0.1875
2024-11-04,16,4,0.25,4.0,0.16666666666666666
2024-11-05,45,8,0.17777777777777778,4.0,0.25
2024-11-06,34,3,0.08823529411764706,8.0,0.17777777777777778
2024-11-07,47,0,0.0,3.0,0.08823529411764706
2024-11-08,61,3,0.04918032786885246,0.0,0.0
2024-11-09,21,0,0.0,3.0,0.04918032786885246
2024-11-10,26,4,0.15384615384615385,0.0,0.0
2024-11-11,36,1,0.027777777777777776,4.0,0.15384615384615385
2024-11-12,37,1,0.02702702702702703,1.0,0.027777777777777776
2024-11-13,24,4,0.16666666666666666,1.0,0.02702702702702703
2024-11-14,53,3,0.05660377358490566,4.0,0.16666666666666666
2024-11-15,54,13,0.24074074074074073,3.0,0.05660377358490566
2024-11-16,22,1,0.045454545454545456,13.0,0.24074074074074073
2024-11-17,2,0,0.0,1.0,0.045454545454545456
2024-12-01,20,2,0.1,0.0,0.0
2024-12-02,25,2,0.08,2.0,0.1
2024-12-03,44,9,0.20454545454545456,2.0,0.08
2024-12-04,43,8,0.18604651162790697,9.0,0.20454545454545456
2024-12-05,23,1,0.043478260869565216,8.0,0.18604651162790697
2024-12-06,58,4,0.06896551724137931,1.0,0.043478260869565216
2024-12-07,36,0,0.0,4.0,0.06896551724137931
2024-12-08,1,0,0.0,0.0,0.0
2024-12-15,22,0,0.0,0.0,0.0
2024-12-16,78,4,0.05128205128205128,0.0,0.0
2024-12-17,68,6,0.08823529411764706,4.0,0.05128205128205128
2024-12-18,33,3,0.09090909090909091,6.0,0.08823529411764706
2024-12-19,22,1,0.045454545454545456,3.0,0.09090909090909091
2024-12-20,22,1,0.045454545454545456,1.0,0.045454545454545456
2024-12-21,5,0,0.0,1.0,0.045454545454545456
2024-12-29,10,2,0.2,0.0,0.0
2024-12-30,40,4,0.1,2.0,0.2
2024-12-31,27,1,0.037037037037037035,4.0,0.1
2025-01-01,23,1,0.043478260869565216,1.0,0.037037037037037035
2025-01-02,47,5,0.10638297872340426,1.0,0.043478260869565216
2025-01-03,35,2,0.05714285714285714,5.0,0.10638297872340426
2025-01-04,68,1,0.014705882352941176,2.0,0.05714285714285714
2025-01-12,31,4,0.12903225806451613,1.0,0.014705882352941176
2025-01-13,87,9,0.10344827586206896,4.0,0.12903225806451613
2025-01-14,52,2,0.038461538461538464,9.0,0.10344827586206896
2025-01-15,26,0,0.0,2.0,0.038461538461538464
2025-01-16,26,5,0.19230769230769232,0.0,0.0
2025-01-17,18,2,0.1111111111111111,5.0,0.19230769230769232
2025-01-18,10,1,0.1,2.0,0.1111111111111111
2025-01-26,22,1,0.045454545454545456,1.0,0.1
2025-01-27,68,6,0.08823529411764706,1.0,0.045454545454545456
2025-01-28,63,7,0.1111111111111111,6.0,0.08823529411764706
2025-01-29,48,3,0.0625,7.0,0.1111111111111111
2025-01-30,17,0,0.0,3.0,0.0625
2025-01-31,22,1,0.045454545454545456,0.0,0.0
2025-02-01,10,1,0.1,1.0,0.045454545454545456
2025-02-16,12,1,0.08333333333333333,1.0,0.1
2025-02-17,20,-8,-0.4,1.0,0.08333333333333333
2025-02-18,32,3,0.09375,-8.0,-0.4
2025-02-19,124,3,0.024193548387096774,3.0,0.09375
2025-02-20,21,1,0.047619047619047616,3.0,0.024193548387096774
2025-02-21,22,1,0.045454545454545456,1.0,0.047619047619047616
2025-02-22,18,0,0.0,1.0,0.045454545454545456
2025-02-23,4,0,0.0,0.0,0.0
2025-02-24,75,15,0.2,0.0,0.0
2025-02-25,70,18,0.2571428571428571,15.0,0.2
2025-02-26,28,7,0.25,18.0,0.2571428571428571
2025-02-27,49,1,0.02040816326530612,7.0,0.25
2025-02-28,19,2,0.10526315789473684,1.0,0.02040816326530612
2025-03-01,6,0,0.0,2.0,0.10526315789473684
2025-03-02,4,0,0.0,0.0,0.0
2025-03-03,21,2,0.09523809523809523,0.0,0.0
2025-03-04,43,7,0.16279069767441862,2.0,0.09523809523809523
2025-03-05,30,3,0.1,7.0,0.16279069767441862
2025-03-06,59,12,0.2033898305084746,3.0,0.1
2025-03-07,66,31,0.4696969696969697,12.0,0.2033898305084746
2025-03-08,27,7,0.25925925925925924,31.0,0.4696969696969697
2025-03-09,10,0,0.0,7.0,0.25925925925925924
2025-03-10,20,4,0.2,0.0,0.0
2025-03-11,25,2,0.08,4.0,0.2
2025-03-12,28,0,0.0,2.0,0.08
2025-03-13,42,2,0.047619047619047616,0.0,0.0
2025-03-14,100,6,0.06,2.0,0.047619047619047616
2025-03-15,24,2,0.08333333333333333,6.0,0.06
2025-03-16,11,0,0.0,2.0,0.08333333333333333
2025-03-17,42,1,0.023809523809523808,0.0,0.0
2025-03-18,19,-2,-0.10526315789473684,1.0,0.023809523809523808
2025-03-19,21,-5,-0.23809523809523808,-2.0,-0.10526315789473684
2025-03-20,30,8,0.26666666666666666,-5.0,-0.23809523809523808
2025-03-21,100,14,0.14,8.0,0.26666666666666666
2025-03-22,28,4,0.14285714285714285,14.0,0.14
2025-03-23,9,0,0.0,4.0,0.14285714285714285
2025-03-24,41,-11,-0.2682926829268293,0.0,0.0
2025-03-25,48,5,0.10416666666666667,-11.0,-0.2682926829268293
2025-03-26,38,-1,-0.02631578947368421,5.0,0.10416666666666667
2025-03-27,40,2,0.05,-1.0,-0.02631578947368421
2025-03-28,45,1,0.022222222222222223,2.0,0.05
2025-03-29,28,1,0.03571428571428571,1.0,0.022222222222222223
2025-03-30,13,0,0.0,1.0,0.03571428571428571
2025-03-31,74,7,0.0945945945945946,0.0,0.0
2025-04-01,64,3,0.046875,7.0,0.0945945945945946
2025-04-02,47,4,0.0851063829787234,3.0,0.046875
2025-04-03,31,1,0.03225806451612903,4.0,0.0851063829787234
2025-04-04,17,1,0.058823529411764705,1.0,0.03225806451612903
2025-04-05,5,0,0.0,1.0,0.058823529411764705
2025-04-13,14,0,0.0,0.0,0.0
2025-04-14,22,0,0.0,0.0,0.0
2025-04-15,23,2,0.08695652173913043,0.0,0.0
2025-04-16,46,15,0.32608695652173914,2.0,0.08695652173913043
2025-04-17,100,15,0.15,15.0,0.32608695652173914
2025-04-18,35,2,0.05714285714285714,15.0,0.15
2025-04-19,10,0,0.0,2.0,0.05714285714285714
2025-05-04,7,2,0.2857142857142857,0.0,0.0
2025-05-05,15,3,0.2,2.0,0.2857142857142857
2025-05-06,26,0,0.0,3.0,0.2
2025-05-07,35,1,0.02857142857142857,0.0,0.0
2025-05-08,41,11,0.2682926829268293,1.0,0.02857142857142857
2025-05-09,99,19,0.1919191919191919,11.0,0.2682926829268293
2025-05-10,27,6,0.2222222222222222,19.0,0.1919191919191919
2025-05-11,7,0,0.0,6.0,0.2222222222222222
2025-05-12,11,1,0.09090909090909091,0.0,0.0
2025-05-13,59,12,0.2033898305084746,1.0,0.09090909090909091
2025-05-14,83,14,0.1686746987951807,12.0,0.2033898305084746
2025-05-15,42,-1,-0.023809523809523808,14.0,0.1686746987951807
2025-05-16,31,1,0.03225806451612903,-1.0,-0.023809523809523808
2025-05-17,17,2,0.11764705882352941,1.0,0.03225806451612903
2025-07-06,13,2,0.15384615384615385,2.0,0.11764705882352941
2025-07-07,37,0,0.0,2.0,0.15384615384615385
2025-07-08,81,7,0.08641975308641975,0.0,0.0
2025-07-09,116,10,0.08620689655172414,7.0,0.08641975308641975
2025-07-10,3,0,0.0,10.0,0.08620689655172414
